tweet_id,text_cleaned
1623578458139025408,"Bikin flyover âœ… Bikin underpass âœ… JLNT âœ… Incentive LCGC, mobil listrik âœ… Naikin biaya parkir ğŸš« ERP ğŸš« Semua biar industri bisnis mobil tetap agresif."
1637067995871862791,apa iya saya harus beli motor listrik biar hemat biaya? bismillah dulu nabung di Mandiri
1616616655429459968,"Sekedar memberi info, peralihan mobil bahan bakar ke mobil listrik tidak mengurangi polusi, polusi hanya berpindah dari kota (polusi dari bahan bakar) ke daerah pembangkit listrik (konsumsi energi listrik meningkat untuk mobil) ğŸ™"
1640638181988245505,"bersiap lah untuk masuk ke jamannya pakai mobil cakep fitur lengkap minimals, Air ev Mobil Perang andalan kita semua"
1652314209286496257,Fasilitas SPKLU yang dibangun ini membuat para pemudik yang menggunakan kendaraan listrik menjadi mudah Narnia Papua
1627832175482781696,Yadea E8S Pro : Motor listrik 150 km! Di bawah 25 jutaan
1620702351983263745,Menurut pak industri Tanah Air sudah mampu memproduksi seperti baterai dan dinamo untuk mobil dan motor listrik maka kedepannya Indonesia berpotensi menjadi rantai pasok komponen kendaraan listrik secara global.
1660108880100356098,Dengarkan ini Pedagang Kendaraan Listrik !! Kenyang swekaliii dapat subsidi dari Pemerintah
1639494436295147520,"Subsidi untuk pembelian motor listrik, wajar saja. Tetapi perlu tepat sasaran , siapa saja yang perlu diberikan subsidi tsb. Pejabat paham tidak hal ini !?"
1643128997545488384,Pendanaan diberikan Ondine Capital karena yakin terhadap potensi Swap Energi untuk menjadi pemain utama di pasar baterai kendaraan listrik di Asia Tenggara
1658582384709877760,"Oooooh anjing piaraannya genjer, lagi mengomongkan subsidi EV bahkan bahas Jawa Tengah ğŸ¤£"
1637295446514356226,seru ini kayaknya kalau beralih pakai kendaraan listrik
1645953877387403265,tersedia di jalur mudik sehingga memudahkan pengguna mobil listrik yang mudik untuk melakukan pengisian daya.
1614862732444172288,"Kebijakan subsidi kendaraan listrik tidak akan membebankan APBN. Yakin atau tidak tuh? Yang sudah terjadi nih! Pembangunan kereta cepat Jakarta Bandung awalnya merilis B untuk B, lah kok kenapa jadi beban APBN? Pejabat negeri ini tidak perlu malu2, jujur ajalah ke rakyat, tidak perlu munafik."
1613494786429968390,"Sama saja bikin macet kalau seperti gini, orang mah duitnya lebih baik dipakai buat perbagus atau menambah transportasi publik, kalau begitu bisa mengurangi macet dan polusi, ini bahkan buat subsidi mobil/motor listrik. Kek masalahnya sama saja cuman rasa stoberi."
1659040514421956608,â€“Kendaraan bermotor berbasis bahan bakar bakar listrik yang selama ini telah mendapatkan subsidi... Klik berita selengkapnya Follow IG : Follow FB : JagatBisnis
1630001683685146624,"Duit Pajak,duit hasil Pemerasan Pemerintah ke rakyat digunakan *memperkaya diri pejabat pajak *bayar bunga utang pemerintah *mega proyek bloon pemerintah *infrastruktur tidak karuan presiden Jokowi *subsidi mobil listrik buat orang orang kaya,orang kayak pengemplang pajak *modal IKN"
1616451052290859011,"Bisnis EV ini wkwk. Memang benar mengurangi polusi udara, tapi di negara yang tidak ikut andil dalam industrialisasi bahan bakarnya. Sebagai renungan malam."
1620696804529684480,"Pembangunan ekosistem kendaraan listrik ini dari hulu sampai hilir sehingga semua terintegrasi. Tentunya pemerintah akan bersinergi dengan swasta,"" jelas"
1659109519698395144,Jawabannya : 65 Unit All New bZ4X Battery EV Yuk ikutan teman-teman
1626642196010258432,"Usai Buka IIMS 2023, Jokowi Langsung Keliling Booth Esemka Hingga Motor Listrik Genta Jerome Fiji Fuji Menpora Sudirman Cup jeno Cilung Skincare Enak Aja Mundur haechan HAPPY BIRTHDAY MY LOVE"
1624679045773553666,"Klo menurut saya itu di beri supsidi di karenakan indonesia mau melangkah ke era mobil dan motor listrik, mempetyimbangkan harga minyak ug terus melejit dan semakin sedikit.. Realistis broo jangan kamu sangkut pauykan dengan 3 periode"
1645278718779355137,Kemitraan kedua negara dalam mengintegrasikan ekosistem kendaraan listrik akan mendorong ASEAN menjadi episentrum dalam pengembangan energi bersih yang bertumpu pada kendaraan listrik Ketua Kadin
1643877610282274816,"SR, Jakarta - Pemerintah berkomitmen untuk mengakselerasi transformasi ekonomi melalui insentif pajak pertambahan nilai (PPN) atas pembelian kendaraan listrik roda empat dan bus. Insentif tersebut mulai berlaku pada masa pajak April sampai dengan masa"
1640722788700008449,"Electrizen, di era sekarang kendaraan yang ramah lingkungan dan futuristik merupakan daya tarik masyarakat untuk memilikinya. yuk kita beralih ke motor listrik untuk mengurangi emisi karbon."
1627520821030969345,"Negara lain sudah sibuk produksi mobil listrik, sibuk gunakan energi nuklir, kita masih terjebak sama urusan ganggu orang beribadah, hadeuuhhh mabok Agama benar-benar bikin hilang kesadaran"
1625394603896770560,terus kebijakan nasionalnya subsidi kendaraan listrik pribadi ğŸ˜ŒğŸ˜ŒğŸ˜Œ
1618442951889424385,"Direktur Utama Pertamina sampaikan kesiapan optimalkan nikel Indonesia pada gelaran World Economic Forum di Swissâš¡ğŸƒ Tentu ada target serta faktor penentu keberhasilan langkah hijau ini, Sob. Klik di:"
1636559402533785600,motor listrik tuh memang kok super duper hemat banget dan yang pastinya nyuaman deh kalau dipakek yuk biar bisa lebih hemat
1636557475511164928,Jadi ingin ini memakai kendaraan listrik yang pestinya lebih ramah lingkungan
1619170851718574080,Gak bakal setuju. Coba cek siapa pengusaha motor listrik yang akan dapat subsidi. Inilah bentuk oligarki: kebijakan yang dibuat hanya menguntungkan sekelompok orang terdekat sih pembuat kebijakan.
1645641947816796161,"membeli motor listrik tanpa battery,lha terus untuk apa beli motor kalau tidak bisa jalan terus hanya dituntun saja gitu? Toh akhirnya juga beli/sewa battery lagi. Pejabat pernyataannya tidak masuk akal, kocak poolll!"
1645276359009374208,"Sobat GT, saat ini sobat bisa melakukan Test Ride demi pengalaman mengendarai motor listrik greentech. Sudah tahu kan pastinya kendaraan listrik adalah kendaraan yang 0 emisi yang artinya ikut membantu mengurangi polusi udara. Kalau bukan kita? Siapa lagi? Telp. 082111420990"
1633088842193571840,"Lalu disana, ada tunjangan 100jt, rekening 500M, dan subsidi kendaraan listrik.... ğŸ˜­ğŸ˜­ğŸ˜­"
1637986621370019841,yang model begini tidak dapat subsidi katak kendaraan listrik ya???
1628666775301947399,Insentif Kendaraan Listrik Percepat Migrasi Elektrifikasi
1658711808235147267,Tapi subsidi mobil listrik bahkan dipaksakan. Jangan harap swasembada pangan kalau begini. Kebijakan memang tidak profesional rakyat
1660983964558032898,"Kalau ada yang mengatakan Anies mengkritik subsidi mobil listrik, ini DPR ikut ikutan kritik subisid salah sasaran. Jadi pengkritik Anies tahu malu ğŸ˜‚ğŸ¤£ğŸ˜‚"
1650312277088960514,"So boleh kata EV ini boleh je lah buat trip balik kampung. Sampai je. Tapi tidak boleh laju sentiasa. bila sudah sampai kampung satgi, menggagau cari charging station. Kalau cucuk kita plug rumah, silap2 pagi esok pun belum settle charge."
1618884659487834113,"LBP SUBSIDI MOTOR LISTRIK: SAYA INI ASLINYA 2 ORANG Menko Luhut bilang bakal ada subsidi 7jt buat motor listrik baru (26/1). Lalu, Wakil Dirut TOBA Pandu Sjahrir yang juga ponakan LBP bilang siap kucurkan ratusan M untuk proyek motor listrik Hm, jadi ini subsidi buat siapa, ya?"
1640637542289788930,"Fitur nya canggih jadi tidak perlu takut ngcharge dimana, kan Mobil Perang ini bisa dicharge dirumah. Simple kan Air Ev"
1645378345285328897,"Mungkin, terlebih kan pemerintah kan sekarang juga mensubsidi mobil listrik, jadi pemerintah seperti mengurangi kualitas pelayanan transportasi umum , padahal tahun 2016 sampai 2022 Transjakarta banyak buka rute baru sama beli bus baru"
1634719522119880704,"Fokus utang luar negeri, IKN, subsidi motor / mobil listrik, Mega proyek Rugi, jalan tol rugi gerus APBN untuk kesejahteraan rakyat duit pajak rakyat !;"
1621103840002211841,"Motor listrik tetap subsidi 7 juta, mobil listrik potong PPN dari 11% jadi 1%."
1622758679551545344,Ambisi Pemerintah untuk mendorong pengembangan kendaraan listrik dinilai tidak sesuai dengan arah bisnis dari para pemain di industri otomotif
1626402416030801921,PLN terus berupaya dalam mendukung program pemerintah untuk mewujudkan energi bersih dengan menciptakan ekosistem kendaraan listrik seantero Nusantara
1612201582166437889,"""Jadi dia bikin kebijakan, dia siapkan perusahaannya. Jadi obvious sekali. Ini pemerintahan sudah harus dijatuhkan ini kalau begini namanya. Motor listrik itu juga jadi cawe-cawe mereka"" Faisal Basri tentang LBP"
1632949357225078785,"Mana mau tesla kak sini. Kepatuhan ESG saja tidak ada. Negara yang masih kental korup, nepotisme, iklim invest di nehara ini masohbkurang bersaing"
1659560214306373632,Bodohnya juga unggul iya kali mobil listrik mengeluarkan emisi lebih banyak
1616668739122139136,Trus kalau pakai mobil listrik polusi jadi berkurang????cacat logika ğŸ˜‚ğŸ˜‚ğŸ˜‚
1659804833648607232,Gunakan Kendaraan Listrik Untuk Mengurangi Emisi C02
1628718389131902978,"Yes! Beda dengan SPBU totem berwarna biru/merah, tentunya GES menyediakan layanan fasilitas lengkap untuk kendaraan listrik Sobat. SPBU dengan totem berwarna hijau ini manfaatkan panel surya sebagai sumber energiğŸƒ Hijau=GES, kalau SPBU biru merah namanya sudah pada tahu kan?ğŸ˜„"
1621136904300421121,ğŸ‘ğŸ¼ğŸ‘ğŸ¼ subsidi buat rakyat yang beli motor listrik.
1632658669673512961,"Subsidi motor listrik Rp1,75 triliun dinikmati pejabat dan orang kaya."
1637294426681909249,"Hall khusus motor listrik dari PLN di Indonesia International Motor Show (IIMS) tahun 2023 di JIEXPO Kemayoran memang keren banget, kita bisa ngulik infomasi lengkap perihal motor listrik dan juga bisa ikut test ride. Mantap 'n Sukses PLN !"
1636401450749419520,Kendaraan Listrik lebih ramah lingkungan ğŸ‘ğŸ»
1621134355149242378,5-10 tahun ke depan pemerintah terus mempercepat adopsi kendaraan listrik yang dapat mengurangi konsumsi BBM sebanyak Rp 70M / tahun.
1659879285715505152,Api.pastinya berasap.. Ada sesegera mungkin pastinya ada api ..ğŸ¤£ğŸ¤£ğŸ¤£ yang gilanya ..emisi mobil listrik lebih gede perkapitanya dari Bus ..yang berbahan bakar minyak ..yang isinya lebih banyak ..ğŸ¤£ğŸ¤£ğŸ¤£ğŸ¤£
1643991489243131906,"""Subsidi Beli Motor Listrik Rp7 Juta Prioritaskan Produk Dalam Negeri"" Menteri Energi dan Sumber Daya Mineral (ESDM) Arifin Tasrif menegaskan subsidi pembelian motor listrik sebesar Rp7 juta berlaku untuk produk dalam negeri."
1617224565922615297,"Kalo harga diri anda mahal jangan pakai grab, pakai bluebird sono, pilih tesla apa alphard ğŸ˜ ribet!"
1629328462665363456,Segini Besaran Daya Listrik Minimum Saran PLN untuk Isi Daya Mobil Listrik di Rumah
1634989395219718144,"Air ev ğŸ’« â€¢ Gesit Mudah di parkirkan. â€¢ Pengisian Daya Baterai yang Mudah. â€¢ Memiliki Fitur Pintar IoV WIND. Yuk, Ikutan!"
1622973285159047171,"Said Abdullah Minta Subsidi Kendaraan Listrik Untungkan Konsumen Ketua Banggar DPR RI Said Abdullah menyampaikan, subsidi kendaraan listrik yang bakal diterbitkan pemerintah selayaknya menguntungkan konsumen bukan perusahaan pembuat mobil."
1634013628918812672,"Dan belilah motor listrik, ada SUBSIDI nya lho...ğŸ¤£ğŸ¤£ğŸ¤£"
1625752906308919298,"10,000 EV charging facilities by 2025 assures MITI Minister Tengku Zafrul"
1647556304452599808,"""Jangan menjadikan kendaraan listrik sebagai solusi palsu untuk mitigasi iklim. Misalnya dengan pemberian subsidi kendaraan listrik pribadi dan pembukaan tambang nikel yang mengancam lingkungan dan mementingkan kelompok tertentu."" --Ashov|Trend Asia"
1617372306896191488,Nnti saya calonin jadi presiden kamu pilih saya iya nanti saya kasih mobil listrik
1658949604732469248,Intinya kerja kerja kerja dan yang terjadi kerugian negara ğŸ˜….. noh PLN oversupply dikota gara gara proyek ambisius. untuk nyelamatin salah satu caranya disulaplah subsidi mobil listrik ğŸ¤”ğŸ¤” dan lebih hebatnya lagi pemain kendaraan listriknya ğŸ˜ğŸ˜ğŸ˜
1648073154999488512,sudah terbitlah kendaraan listrik yang di subsidi
1646781225955364864,Pabrik baterai nya Elon sudah mau produksi kali bg. Mungkin dalam waktu dekat meluncur lah dijalan raya Jakarta mobil listrik kebanggaan endonesiah kita... ğŸ™ğŸ™
1626884214338777089,"Esemka itu pabrik mobil. Sama dengan pabrik lain didunia,tidak semua komponen adalah produk esemka. Sudah lazim juga saling kerjasama antara pabrik mobil didunia. Kita yang perlu akui,belum ada pabrik pembuat mesin mobil di Indonesia. Mungkin nanti sebagai pabrik mobil listrik."
1658986258314711041,"Subsidi mobil listrik salah sasaran, kebijakan yang adil mustahil dalam kapitalisme! Simak yuk guysss"
1615514434021085184,Pemerintah akan terus membahas insentif pembelian kendaraan listrik.
1636496352954945539,"solusinya gampang.....kasih potongan harga motor sama mobil listrik. ...maaf tidak menyambung iya wkwkwk. klub subsidi pupuk kan sudah biasa, katanya harus ikut koperasi ...ternyata sama susah mencari pupuknya kalau adapun terlambat datangnya"
1633074277565218816,"Kemenkeu Siapkan Rp1,75 Triliun untuk Subsidi Motor Listrik"
1640645460905033729,Fitur menawan Mobil Perang Air Ev makin keren buat lengkapi hidup kamu.
1645532689527869445,WOII GW UDAH BAGI BAGI DUIT KE BRAND MOBIL LISTRIK ğŸ¤¬ğŸ¤¬ğŸ¤¬ POKOKNYA LU HARUS BISA BIKIN TRANSPORTASI UMUM GA NYAMAN BIAR PADA BELI MOBIL LISTRIK
1623643218482171904,"Apa saja insentif buat kendaraan listrik, motor maupun mobil? Cek informasinya dalam infografis berikut ini."
1636981154116177921,"Mal, RAKH4 + Tisha jawabannya 40 km/jam motor listrik."
1616507868278329344,"Ada banyak PR yang harus dikerjain untuk urusan isu lingkungan, eh bahkan memilih fokusnya sama mobil listrik. Sistem tata kota, resiliensi masyarakat desa dan adat, mana? Gak ada tuh movement-nya. Penggunaan mobil listrik bukan representasi solusi permasalahan lingkungan zzzz."
1627922175909847040,Rumah diskon harga perdana bonus motor listrik lagi ada ini di Parung. Ikutan yuk gathering nya biar dapat harga perdana.
1612255436346109953,"Libas Kendaraan Elektrik China, Honda Luncurkan Mobil Listrik Honda N Van, Daya Jelajah 200 KM Cocok Untuk Perkotan: Berapa Harganya di Indonesia"
1659497314267054081,"Pada penyelenggaraan Periklindo Electric Vehicle Show (PEVS) yang berlangsung pada 17 hingga 21 Mei 2023 di JIEXPO Kemayoran Jakarta, PLN membuka booth untuk menyosialisasikan penggunaan kendaraan listrik yang murah dan ramah lingkungan"
1651565877287075842,Mau beli motor listrik lewat aplikasi PLN mobile? Gini caranya Bali Gabriel INDOMY POWER Badminton Asia Zayyan
1660749665107869696,Yang penting jangan lupa Subsidi Mobil Listrik biar Prusahaan mereka untung walaupun APBN Rugi itu biasa sudah dibebankan ke Rakyat. Terkadang kita butuh sekolah tinggi-tinggi sampai S-III cuma untuk dapatkan Ilmu Subsidi Mobil Listrik/ Subsidi Barang Mewah.
1638527512883122176,Salah satu upaya yang dilakukan oleh pemerintah untuk mengurangi polusi udara adalah dengan menganjurkan masyarakat menggunakan kendaraan listrik
1633768326412513281,Ngecas kendaraan listrik lebih mudah dengan disediakannya SPKLU dan SPBKLU di setiap daerah Indonesia.
1648525898612903936,SPKLU DIMANA MANA! tidak perlu ragu ikut program konversi motor listrik atau ganti ke kendaraan listrik karena sudah banyak tersedia SPKLU dan juga SPBKLU di Indonesia! Cek persebarannya yuk!
1658748086515277824,"Penasaran banget sama mobil listrik satu ini, bisa lihat besok di jiexpo dong hehehe. Yang masih ragu buat beli mobil listrik jangan ragu deh, ini mobil ramah lingkungan banget dan lebih nyaman makenya"
1659542637320486912,Di gelaran ini PLN membuka booth untuk menyosialisasikan penggunaan kendaraan listrik yang murah dan ramah lingkungan serta kesiapan infrastruktur supporting. Virgoun DM Twitter Thailand China Set 1
1659642292611981312,"Wah Keren Dukung Ekosistem Kendaraan Listrik, Pertamina Siapkan 23 Stasiun Baterai Semoga ini bisa memenuhi kebutuhan Energi di Tanah air ğŸ¥³"
1612012586668814336,Gue lagi ngerancang motor listrik buat antisipasi Pertamina BANGKRUT....
1658590564366053378,"Harga hyundai ioniq 5, sebelum disubsidi berapa sesudah disubsidi brapa? Wuling air ev gmn?"
1619252562045325312,Jadi penasaran sama motif ekonominya. Ada perusahaan siapa dibalik kebijakan motor listrik ini.
1658837957225086976,"Moeldoko Beberkan Kelanjutan Program Subsidi Kendaraan Listrik, Dibatalkan?"
1650408440030982144,"instead of guna solar panel kan, saya terfikir kenapa ev car maker tidak enak invest untuk create motor yang ada dynamo untuk generate electric untuk recharge battery ketika driving tapi tidak tahu lah is itu possible orang not sebab saya bukan tech guy."
1644315791444295682,"Ga perlu ragu"" lagi deh kalau mau beli motor listrik, selain ramah lingkungan juga pajaknya lebih murah loh daripada motor bensin keren bersama kendaraan listrik kalian"
1626390098353983490,"Presiden Buka The 30th IIMS 2023, PLN Optimalkan Ekosistem Kendaraan Listrik"
1660878352159502336,"mengutamakan subsidi mobil listrik daripada pupuk untuk petani, itu bukannya pekerjaan mafia??"
1613412936038641664,"PT Aneka Tambang menunjukkan keseriusannya untuk menggarap proyek baterai mobil listrik, dengan menyiapkan dua anak usaha."
1646505672828395520,Sosoan pakai mobil listrik.. Telat bayar sehari saja di denda 50 rebu sama
1613762287189516288,Kamu tahu kan? Budget yang ditujukan buat instentif itu (dan infrastruktur ev lainnya) bisa dipakai buat armada transportasi publik (yg juga bisa elektrik) dan efek baiknya lebih merata buat masyarakat! Kamu tahu kan? Jadi yakin masih suruh ganti kendaraan listrik?
1620746171156434944,saya tidak percaya apa-apa soal subsidi motor mobil listrik yang jelas dari sejak reformasi subsidi atau bantuan blt itu semua banyak salah sasaran apalagi ada dana desa cuma untuk bancakan.
1624935259124146179,Kurang lengkap kalau belum mencoba ini kak Langsung saja rekomendasi motor listrik Goodrich Berminat DM saja harga lagi promo
1658742114489106435,"Memang sudah waktunya beralih ke mobil listrik, selain aman dan nyaman tentu saja ramah lingkungan"
1635814546312155136,"ev ini bukan tidak bagus, bagus tapi asal mahal sangat? yang harga menampak murah pun sebagai berikut gov kasih tax exampt. kalau nk recharge sudah lah ambil masa pastu harga lebih kurang minyak ja."
1611538831223787522,Diskon Lagi! Harga Tesla di China Lebih Murah 40 Persen Dibandingkan AS
1621120803575308290,"Malah meminta subsidi loh, jadi Esemka jadi mobil listrik dong ?? Mobil Esemka Lenyap di Dunia Maya Sejak 2 Tahun yang Lalu, Kini Muncul Lagi dan Mau Ikut Pameran IIMS 2023"
1621479524465774592,Ev laaaaâ€¦ kenari mahal saya tidak mampu! Hahahhah
1639635194465652736,"Pejabat paling rakus, memonopoli dan masok kebutuhan pemerintah, peralatan covid, mobil listrik dll, menguasai ribuan hektar tanah/lahan di berbagai pulau, jauh dari membangun bangsa, keserakahan yang ada..."
1621634065769312261,"Esmeka Jeeeee ... mobil listrik Indonesia di ancurkan, dan anak bangsa di penjarakan .... mobil anak tiongkok cina diaku mobil Esemka :-D"
1659535078538760193,"PLN pun terus berkomitmen untuk bersama-sama membangun sebuah ekosistem kendaraan listrik yang sangat kokoh, solid, produktif, dan berdaya saing."
1625537135699955713,"Bangun SPKLU di Banten, MenPAN RB Apresiasi PLN Akselerasi Ekosistem Kendaraan Listrik"
1637297516302704640,keren sih sekarang fasilitas kendaraan listrik juga sudah banyak iya jadi nya lebih ramah lingkungan
1648596315616731136,"Senyap tapi bertenaga, sepeda motor listrik. PLNers, ada yang sudah coba ? Sepeda motor listrik (molis) adalah kendaraan roda dua bermotor listrik berbasis baterai."
1644946590799630336,dan juga subsidi mobil listrik yang menggiurkan ğŸ¤¤
1658763420890718208,Yg mengomong yang dapat subsidi kendaraan listrik?
1615959194926219264,"Emang lebih hemat mas, coba compare sama penggunaan bbm lebih efisien kendaraan listrik btw."
1619391600676978688,Subsidi kendaraan listrik apakah salah satu strategi/deal supaya produsen baterai pada mau bikin pabrik di mari?
1637821217884258307,"Motor Listrik Disalurkan Mulai Hari Ini, Sri Mulyani ... - Bisnis :"
1629023607799291904,"Bisa Tempuh 240 Km, Review Motor Listrik Bicose Real 5T : Spesifikasi mesin, Fitur dan harga lewat"
1632657483113136129,"Jokowi Guyur Insentif Rp 1,7 T untuk 250.000 Motor Listrik"
1651052856047222785,tribunnews: RT : Wah keren! PT. Juara Bike (SELIS) bekerja sama dengan Hyundai Kefico mengembangkan kendaraan listrik melalui jalur konversi loh sob. Nah kira-kira biaya konversinya berapa iya setelah dapat subsidi dari pemerintah? â€¦
1636332816148611076,"Electrizen, Bapak Kastalim dari Kebumen berhasil memenangkan undian Gelegar Cuan PLN Mobile berupa 1 unit mobil listrik Hyundai Ioniq 5."
1633294573752705024,"Dampak lingkungan tentu harus dipikirkan secara serius demi net zero emission di 2060. Ga hanya itu, dampak lingkungan bisa jadi merupakan pertimbangan utama bagi investor dan konsumen di negara maju seperti AS dan EU, 2 pasar utama kendaraan listrik berbasis baterai berbasis nikel"
1634507252462911489,"1 tiket saja hari 1 dan 2 yah, harga 2,5jt CAT 2 baris AH hari 1 , baris AJ hari 2, kalau oke langsung bungkus ketemu di venue."
1635608064991825920,"Ramah lingkungan,hemat dan perawatan lebih mudah apalagi kalau bukan motor listrik, semakin banyak peminat yang ingin mempunyai motor listrik"
1641123314952290335,"Kene menjenguk pula brape kamu boleh go kalau mazda mx30 ev tidak tapi kamu kalau af 200km je. Atto 3 dekat 500km. Tp itu ah, saya kali minat sangat ev mungkin sebagai berikut payah cas and benda baru haha. ICE gok beh fk the planet. ğŸ¤£"
1629101965337849857,Ngisi listrik pakai PLN yang sumber listriknya batu bara yang tambangnya banyak juga punya opung jadi kendaraan listrik laku bahan bakarnya listrik dari batu bara juga laku ibarat kantong kiri dan kanan penuh iya opung
1659487376249618432,"Hanya di Indonesia yang disubsidi untuk mobil listrik, jangan terlalu polos berpikir bahwa para politisi melakukan itu karena lingkungan.ğŸ¤£, Itu hanya karena ada cuannya"
1635603943165427713,"kenapa tidak ada komentar pejabatnya ya.. ?? KALAU NGGAK CUKUP UANG, NGGAK USAH BELI KENDARAAN LISTRIK alangkah bijaknya kalau subsidi bisa di nikmati petani miskin"
1640638915039330307,mobil perang Air ev cocok ini buat mudik satset irit pula ğŸ˜­ itu yang kita cari wkwk
1626468124945186816,"Airlangga Hartarto: Ekosistem Kendaraan Listrik, Kurangi Polusi Indonesia Pevita Pearce Kimbum"
1644018262035042304,"ğŸ¤£ğŸ¤£ğŸ¤£ğŸ¤£ğŸ¤£ mau belajar bikin Baterai Mobil listrik yang bisa Meledak yaaa,,,??? ğŸ¤­ğŸ¤­ğŸ¤­ğŸ¤­"
1660678515493314562,Ini Cara Memadamkan Kebakaran Baterai Kendaraan Listrik yang Benar
1618853970654666752,"Konteks sih Faris, EV itu didorong selain untuk mengurangi polusi, tapi industri EV dari hulu ke hilir nya bisa menciptakan banyak lapangan pekerjaan sektor formal, apalagi seperti Indo yang material buat baterai EV nya kaya, potensi industri nya berhasil relatif besar."
1643221254219112449,Keunggulan motor listrik di banding motor BBM! ğŸ¤”
1633154807178604544,GA ADA YANG SALAH KETIMBANG SUBSIDI BBM MAKIN MEMBENGKAK JELAS BBM.MAKIN LAMA AKAN HABIS DENGAN SUBSIDI MOTOR LISTRIK MAKA NEGARA TIDAK LAGI BOROS HANYA UNYUK SUBSIDI BBM YG DI NIKMATI SEMUA KALANGAN
1651023184869867520,"Electrizen, selain banyak keunggulan, juga banyak untungnya loh. Tahukah kamu, Pemerintah tengah menjalankan program percepatan kendaraan listrik."
1629852247776727042,Di sini melalui proxyÂ² baik berpartai atau partikelir atau model lonewolf jihadis. Apapun dipakai oleh negara Amerika 'laknatullah' Serikat itu. Pmrth AS bahkan sudah ditinggalkan oleh para pengusahanya. Tesla sudah buka pabrik di China untuk tekan ongkos dan dapat baterai sekaligus. ğŸ‘
1633264242517512195,Ini sepertinya kebijakan pemerintah BUKAN untuk rubah kebiasaan warga naik kendaraan umum... tapi SEGERA mengkonversi penggunaan kendaraan bbm ke kendaraan listrik. Pro kontra memang... tapi di sisa jabatan rezim sekarang lebih mudah eksekusi kebijakan ini daripada rubah kebiasaan! ğŸ˜…
1633019826519134217,Waspada! Subsidi Ganda Bantuan Pembelian Kendaraan Listrik
1623924728531656705,Manfaat kendaraan listrik sebagai solusi untuk mengatasi polusi udara hingga saat ini sebenarnya masih berupa hipotesis.
1610867924977455105,"Mobil, Emas batangan, Villa, Pertokoan, kos kosan, SPKLU, Dealer mobil motor listrik"
1660980397780643843,"Perbandingannya cukup jauh, dengan asumsi tarif listrik sebesar Rp1.699 per kWh, hanya diperlukan sekitar Rp2.500 untuk sepeda motor listrik menempuh jarak 50 kamu dan 10 kamu untuk mobil listrik."
1660891301074862080,Bentar lagi menikmati subsidi mobil listrik...penak untuk jamanku
1618026823841112064,"Kalau biasa lalu kat Hentian Pagoh, Shell itu lagi di jalan anak keluar masuk Highway. Sebab itu kali sempat berhenti amik gambar. Tak tahu kenapa ada owner EV trigger seolah-olah ia mustahil xkan berlaku. Ia peluang anak tambah tempat charging kalau tidak cukup. Ratio 2 vs 20+ pump masih rendah."
1651650080943017986,"Motor listrik semakin di minati, begini ini cara beli lewat aplikasi PLN Mobile."
1636556965831921664,"pas mencoba motor listrik punya teman saya jadi ingin punya sendiri, semoga secepatnya terbeli jadi ikut berkontribusi jaga lingkungan ğŸ˜"
1635871208075067392,subsidi bbm selalu dianggap salah sasaran tapi memberi subsidi 80 juta/orang yang mau beli ioniq 5. taruhlah kita sepakat subsidi bbm salah sasaran. iya sudah jangan memberi subsidi ke kendaraan listrik jg. atau pemerintah meyakini orang kayak yang dikasih subsidi 80 juta itu tidak salah sasaran?
1638898418058928131,Apa hubungannya mati kelaparan dengan subsidi mobil listrik? Eman2 pahala puasamu mas
1647402738094055426,"Harus ada perubahan aturan supaya investor lebih condong pada investasi mobil listrik, ketimbang kendaraan yang masih pakai mesin internal. &lt;-- disinsentif untuk yang setengah-setengah :))"
1633299966524530689,Apakah yang memproduksi motor listrik itu perusahaan pemerintah yang pantas di subsidi....? Kalau milik suasta nyel apa iya masuk akal dapat sokongan subsidi....?
1637323163699924992,Menguntungkan lingkungan sekita banget teknologi kendaraan listrik ini
1633407735906840576,Ketua Umum meminta pemberian subsidi kendaraan listrik terus dikawal.
1643509136951500805,"Anggaran sudah ada kok dibatalkan Pak wkwk, Tahun lalu siapa tuh yang usul mobil listrik dianggarkan untuk tahun ini ? Biasanya anggaran diubah kalau ada kondisi darurat seperti bencana alam dsb, mudah-mudahan betul-betul digunakan untuk jalan rusak karena lebih enak pakai mobil listrik di jalan mulus wkwkw"
1643800580987695104,Harganya tidak ada yang murah ..emg pejabatnya mau dibeliin wuling ev?? ğŸ¤£
1645540170429763584,"Sekalian aja, masyarakat disaranin rakit motor listrik sendiri. Jadi, tidak perlu lagi bayar pajak kendaraan dan urus surat2. Simpel kok."
1651587347828592640,"Ada acara besar-besaran loh, potongan sampai Rp 7 juta ğŸ˜± Untuk pembelian motor listrik setiap 1 user bisa mendapatkan potongan harga tersebut. Yuk buruan mengikuti eventnyağŸ¤— Note : syarat dan ketentuan berlaku"
1632894803682775040,"Pemerintah memberikan subsidi kendaraan listrik sebesar Rp 7 juta per unit mulai 20 Maret 2023. Terdapat dua program bantuan pemerintah, yaitu untuk motor listrik yang diproduksi di Indonesia dengan TKDN 20% atau lebih dengan"
1659561346458091521,Berbagai kendaraan listrik roda dua dan roda empat menghiasi PEVS 2023.
1627233439471796224,"Kolaborasi PLN dengan banyak pihak, Semoga dengan Kolaborasi ini dapat mempermudah masyarakat dalam penggunaan kendaraan listrik kedepannya Aamiin"
1616510598224744475,Mengurangi polusi mungkin iya tapi permasalahan utamanya bukan itu. Tapi kalau kamu mampu beli mobil listrik iya gpp. Ga salah juga. Tapi kalau bisa naik transportasi umum itu lebih baik lagi.
1660455841009647617,"Nggak cuma bikin infrastruktur dan ekosistem kendaraan listrik aja, pemimpin ASEAN juga berkomitmen untuk jadi hubungan produksi global kendaraan listrik dunia, keren kan? Jadi Pusat Pertumbuhan"
1614482646985498625,"Dorong Ekosistem Kendaraan Listrik, Pemerintah Targetkan Produksi Baterai Mulai pada 2024. Demikian disampaikan Menteri Investasi/Kepala BKPM Bahlil Lahadalia dalam keterangannya setelah rapat yang dipimpin oleh Presiden di Istana Merdeka, 13 Januari 2023."
1620703658051796992,mengakui untuk menjadi pemasok komponen kendaraan listrik tentu tidak mudah Namun saat ini pemerintah terus mempercepat pembangunan ekosistem kendaraan listrik agar bisa segera ikut menjadi pemain dalam industri kendaraan listrik di kancah global
1616729054027341824,"Tadinya orang kayak pada menikmati subsidi BBM dari negara, tapi kalau orang kayak ini beralih ke mobil listrik maka mereka tidak mendapatkannya lagi. Maka EV harus disubsidi harga mobilnya agar orang kayak tetap dapat subsidi dari negara. Kurang lebih begitu"
1630190326148378624,"Komitmen mewujudkan program green energy, Bupati Tangerang Ahmed Zaki Iskandar meresmikan Stasiun Pengisian Kendaraan Listrik Umum (SPKLU) PLN UP 3 Cikupa di Mall Ciputra, Citra Raya Panongan."
1659532777262546944,luhut gagal : nego bunga kak cina meminta tesla investasi luhut sukses : bawa cina investasi ke nikel lalu nitip persen saham buat dia dan keluarga
1637432760146231297,"Asliiii, akan nyaman banget pasti. Bosen banget tiap hari ketemu polusi mulu. Pengen beli motor listrik juga deh, Bank Mandiri ada promo tidak ya?"
1658733834219945986,"yuk sudah waktunya memang pindah ke mobil listrik, tidak berisik juga ramah lingkungan"
1618856686760103939,Rencana pemerintah memberikan subsidi untuk pembelian kendaraan listrik membuat produsen tersenyum sekaligus resah. Mereka senang lantaran bantuan dana itu bakal menggenjot penjualan yang selama ini relatif lesu.
1643128389535154176,"Catatan panjang dari Mas â¦â© soal EV dan perusahaan batu bara di baliknya. Btw, mereka (perusahaan energi fosil) juga beralih ke bisnis energi terbarukan - misalnya Medco, Indika, Adaro, juga TBS. Ini pivot atau greenwashing?"
1626513701489750018,Jokowi akan terus mendorong pertumbuhan kendaraan listrik di Indonesia dari hulu sampai hilir. Hal tersebut disampaikan Jokowi seusai membuka membuka pameran IIMS 2023 di JIExpo. Depok ENAK AJA MUNDUR TVRI Pisang Danang apriyani Genta
1637322345361854465,"Contoh sudah propaganda yang lagi nge trend iya ev, ev sebetulnya bagus bagus saja menurut gw. Cuma di propaganda ini kalau ini ramah lingkungan. Padahal tidak sama sekali kalau kita melihat semuanya, dari bahan baku baterai yang harus nambang dan jelas bikin polusi."
1642498623232434183,"Ohh iya secara valuasi Tesla ini memang sudah ""ga ngotak"" harganya. Saya juga tidak tahu harga ""wajar"" tesla harusnya ada di angka berapa dollar/lembar. Tapi saya belajar bahwa kita tidak bisa memakai ""kacamata"" yang sama ketika menilai ""value company"" dengan ""growth company"""
1637884811024146433,Selain itu menjadi ğ˜´ğ˜©ğ˜°ğ˜¸ğ˜¤ğ˜¢ğ˜´ğ˜¦ dan juga ajakan seluruh masyarakat untuk beralih dari kendaraan berbahan bakar fosil ke kendaraan listrik.
1626401047949221889,"Dengan banyaknya titik pengisian energi untuk kendaraan listrik tentu akan semakin memudahkan pengguna kendaraan listrik, juga memicu peralihan ke kendaraan listrik untuk ekosistem yang lebih ramah lingkungan"
1647136476654862337,"Sobat, siapa yang mau dapat potongan harga beli motor listrik (molis) hingga 7 juta rupiah?"
1631678443783077889,Alhamdulilah kayak kayaknya ada sosialisasi pakai motor listrik ..siapa tahu bakal di bagikan gratis ...anggap saja subsidi Carbon ğŸ™
1633073334610165762,"Kenapa motor listrik ? Sementara dicabut, katanya agraris harus ada penguatan ! apa Ming ndobos ğŸ˜"
1616975427628851200,"Framing selama ini subsidi EV untuk mengurangi emisi bukan industrial policy. Kl industrial policy jangan-jangan hasilnya mengikuti PT Timor Putra Nusantara. Ga laku, bangkrut, aset mangkrak dilelang tidak laku. Sejarah industrial policy Indonesia buruk"
1649321824415797248,"Soroti Konsesi Nikel untuk Elon Musk, Rocky Gerung: Tesla Udah Tau Indonesia Milik China"
1632986872195719168,"barusan training KIA EV6, terus ada sales lain bertanya ""harga baterai EV6 kalau harus beli baru berapa?"" saya tertawa aja, yakin sudah 100% kalau di pameran ada yang bertanya itu tidak akan beli mobil ev, ada yang tahu kenapa?"
1626363882309812224,"""Tapi tentu saja yang didahulukan akan yang motor terlebih dahulu. _Wong_ tadi yang mobil-mobil listrik saya tanya antrenya ada yang setahun, antrenya ada yang 2 bulan, antrenya ada yang 6 bulan, inden, apalagi diberi insentif,"""
1626401545620459522,PLN juga telah membangun EVDS yaitu sebuah flatform digital one stop services ekosistem kendaraan listrik..
1659743016784101377,"memberi subsidi bahkan buat mobil listrik, makin kenyang pengusaha otomotif"
1658795456925925377,pakai kendaraan listrik biar lebih ramah lingkungan
1625409823218241536,"Melihat bagaimana pemerintah iya-iya saja waktu ada usulan bebas pajak pembelian mobil tahun 2021, subsidi kendaraan listrik, insentif mobil murah lcgc. Emang kuat banget ini pengaruh lobbyists industri otomotif buat kebijakan pemerintah."
1633150634919882752,Kalau buat rakyat kecil LPG saja pakai penjatahan. Sulit amat sih kasih subsidi kepada rakyat kecil tapi orangkaya dikasih subsidi buat orang kayak beli mobil dan motor listrik . Pejabat otaknya pada kebalik disimpan di dengkul kayaknya. Lama-lama untuk bernafas orang miskin dijatah !
1616662537252245504,"Masalah nya yang terjadi tidak pararel, pemerintah lebih jor joran ke mobil listrik transportasi umum? Meh... Maaf tidak cuan"
1659546584730984448,Untuk itu dirinya mendukung penuh adanya insentif bagi masyarakat untuk pembelian kendaraan listrik. Dengan begitu net zero emisi pada 2050 bisa tercapai
1645170075660611584,"Kalau battery EV ini sudah kalau health orang damaged, berapa ongkos estimate untuk replace battery pack untuk Tesla kat Malaysia? Kalau hybrid masih ada enjin kalau battery pack not ini good condition. EV cuma itu saja nyawa dia."
1615253848301633536,"Mantap sih ini baterai Wuling Air ev dari 0 hingga 100 persen, cukup dengan 4 jam dengan listrik 6,6 kW"
1658845004909932547,"Setelah tax amnesti dtglah susbsidi mobil listrik memang enak banget tinggal dan hidup di wakanda tetapi kalau bagaimana uang sdgkan yang susah dapat pemilu yang wadidaw dan pajak yang ngedanta, selamat datang di negeri WAKANDA"
1627573890846425089,"Mksudnye beli EV mean mereka bodoh? Aih. Kenape macam tu. Semua orang ada pilihan masing2. Bkn soal petrol lagi mahal orang murah if compare dengan charging. Diorang xbodoh untuk tidak tahu bende simpel macam tu. Diorang just rasa nk beli EV, jadi biar jela. Bebal nye."
1659181578634006528,"Emil (Ridwan Kamil) juga menanggapi ramai pembahasan soal kendaraan listrik belakangan ini. Menurutnya, pemerintah harus mulai meninggalkan energi berbasis fosil."
1638144854097027072,AISMOLI dukung langkah pemerintah dorong ekosistem kendaraan listrik
1633067453898174466,"Maju terus Pung ğŸ’ª, pantang mundur sebelum pemilik TESLA makan permen KOPIKO Pung."
1658846412073844739,"PEVS2023 Resmi Dibuka, PLN Tampilkan Infrastruktur Pendukung Ekosistem Kendaraan Listrik di Indonesia"
1640219306704384000,"produsen mobil listrik bukan cuma Tesla, negara2 seperti Korsel, China, Jepang mungkin lebih bagus kualitasnya karena disesuaikan dengan iklim tropis."
1613803478471815168,"Dorong ekosistem kendaraan listrik, Presiden targetkan produksi baterai mulai pada semester pertama 2024 seperti keterangan setelah ratas di Istana Merdeka, Jakarta, pada Jumat, 13 Januari 2023."
1637457732495343616,Keuntungan dari kendaraan listrik lebih hemat dan bebas polusi loh! ğŸ˜±
1621657187906101249,"Dugaan potensi konflik kepentingan yang timbul dari hubungan dekat antara pejabat pemerintah, politisi dan perusahaan. Sambil membaca ""pemain"" di sektor EV dan batere."
1660117715280084992,Pernah dengar2 gosip sih.. jakarta tidak akan bisa bahkan seperti KL (gausah berharap tokyo atau seoul). Krn yakuza2 yang jualan mobil tidak akan rela kehilangan cust potensial. Apalagi sekarang ada subsidi mobil/motor listrik ğŸ¤£
1650492714687909889,Ada yt channel bincang pasal altenator ni. Betul ke altenator dapat generate elektrik tanpa batas? Kalau boleh saya syak Tesla is not profitable business. Sebab cashflow dia battery business.
1615727851529203713,Mobil listrik kalau listriknya dari batubara itu ramah lingkungan tidak iya WKWKWKWKWKWKWK sebwah ironi
1660504520663904256,"Sdh ada 4 gagasan: â—Pembuat kebijakan tidak boleh merangkap sebagai pemain, â—Subsidi kendaraan listrik diutamakan untuk angkutan publik logistik â—menitik beratkan politik anggaran untuk pembangunan infrastruktur jalan gratis â—Memberantas tuntas mafia2: Pupuk, penyalur TKI, hukum, dan lain-lain"
1633352022392209410,"Motor,mobil listrik pemerintah subsidi, hemzzz.... Yng untung bukan rakyat, tapi pengusaha Padahal aslinya motor dan mobil listrik tidak perlu di subsidi Inilah cara sang pemangku jabatan untuk mendapatkan uang saku dari para pengusaha"
1628076578646405127,Kendaraan listrik diberikan subsidi mulai maret 2023
1627870390893821952,"Bulan depan pemerintah mulai subsidi kendaraan listrik, ini jumlahnya"
1632600732896747520,Jual motor listrik murah. Minus battery.
1626398546852446209,"Patut kita apresiasi untuk PLN yang telah menciptakan kendaraan listrik di tanah air dan pastinya lebih ramah lingkungan, bebas polusi"
1615919947389206528,"Kendaraan listrik harga masih mahal. Baru mampu dibeli kalangan menengah ke atas. Dapet free PKB dan BBN. Nanti pas harga sudah turun, rakyat menengah bawah sudah mampu, baru dikasih pajak. Nemu anehnya kan ya?"
1646117297856348160,"Produsen kendaraan listrik Tesla Inc. BERENCANA membangun pabrik baterai raksasa di Shanghai, China. Bukan BANGUN dodol."
1659419642979565569,"PLN mendukung penuh pameran ini sebagai komitmen BUMN untuk mendukung ekosistem kendaraan listrik di Indonesia yang sangat kokoh, solid, produktif, dan berdaya saing. Sampai jumpa, Electrizen!"
1643256069118996480,Pemerintah berikan insentif PPN untuk percepatan transformasi ekonomi melalui kendaraan listrik
1636554712534376449,"benerr, kendaraan bermotor bikin polusi banget, sepertinya kita memang harus beralih ke kendaraan listrik"
1660263331654156288,"Minat baca buku terus menurun Toko buku terpaksa harus tutup, karena merugi Klo kendaraan listrik ada insentif berupa diskon Tdk adakah ketertarikan pemerintah untuk memberi insentif kepada toko2 buku yang berkontribusi dalam pencerdasan kehidupan bangsa?"
1626447220081070082,Keren iya PLN membangun sarana buat memudahkan pengguna kendaraan listrik. Jadi tidak ragu lagi ini buat memilih beralih ke kendaraan listrik
1626420923375968256,"senang banget PLN makin kesini semakin kembangkan EVDS, kita jadi diberi kemudahan nantinya ini untuk cek lokasi pengisian daya kendaraan listrik"
1650353265702494208,Samsung Galaxy S24 disebut akan adopsi teknologi baterai dari EV
1626246475306110981,"Jangan subsidi kendaraan listrik, apa . Bikin macet. Subsidi transportasi umum."
1619745027688919040,"Jadi memang argumennya tinggal satu. Mobil akan tetap ada, jadi tetap butuh elektrifikasi. Yang mana benar. Tapi sudah dibahas, kebijakan EV kita berisiko memperbanyak jumlah DAN pemakaian bila tanpa rencana jelas. Yang berarti masalah. /15"
1620790222236835840,"Kepala Staf Presiden meyakini Indonesia berpotensi menjadi rantai pasok komponen kendaraan listrik secara global, karena industri Tanah Air sudah mampu memproduksi seperti baterai dan dinamo untuk mobil dan motor listrik."
1626435238569349120,"Infonya PLN juga bangun sistem Electric Vehicle Digital Services (EVDS) yang punya fitur bisa lihat lokasi penukaran baterai kendaraan, SPKLU, dll. Keren banget deh PLN"
1659571041239445505,"Wah, Pertamina mantul banget nih! Dukung ekosistem kendaraan listrik dan wujudkan masa depan yang lebih bersih. Dengan 23 stasiun baterai siap sedia, energi yang ramah lingkungan semakin terjangkau"
1659956067714084864,Kaget Banget !!! Tesla keluarkan produk HP teman-teman
1617499155450171398,Dari segi kos bagi majoriti orang mungkin lebih murah pakai petrol. Sebab kos pemilikan EV car 4-5 kali ganda dari Myvi dan seangkatan dengannya. Tak dapat anak offset penjimatan guna EV.
1643628647926976518,"Kita perlu lestarikan penggunaan kendaraan listrik untuk mengurangi polusi di bumi, karena sekarang ada layanan home charging gratis dari PLN untuk mempermudah pengisian daya kendaraan listrik di rumah"
1658748845545889793,wah kendaraan listrik ini kayaknya keren sekali saya dukung kendaraan ini karena katanya nyaman dan ramah lingkungan
1633075723853496320,"U/ charging bisa di rumah dengan menggunakan token prabayar tersendiri dengan daya yang cukup besar buat mobil listrik, terpisah dengan token rumah. Penggunaan dalam kota sudah cukup layak untuk beroperasi. Berita terbaru pemerintah sudah menetapkan subsidi untuk pembelian mobil/motor listrik."
1640644533682851842,"Bener2 definisi mobil perang banyak keunggulannya dan tetap irit, saya padamu Air ev"
1625705856938688512,"Direktur utama Mind ID, Bapak Hendi Prio Santoso, menjadi salah satu peran penting dibalik percepatan pertumbuhan kendaraan listrik di Indonesia serta mengimplementasikan program pengurangan emisi gas rumah kaca sebesar 28 persen dari target pengurangan di 2023"
1611571650692276226,"lanjut yaa, penggunaan sepeda motor listrik, mengganti lampu penerangan konvensional dengan led, penerapan green building, dan yang terakhir penyediaan shore connection untuk supply energi kapal, serta pemanfaatan cctv pada digital port supervising."
1631489336079437825,Mending beli mobil listrik baru yang gress biar support pemerintah kita ğŸ¤¡
1623695965478854656,"Tadinya mau bilang bersyukur ciwastra macetnya tidak sampai segitu, cuma kalau dipikir pikir mah tidak ada kemacetan yang patut disyukuri sih alias pemerintah tidak becus banget bukannya bertambah fasilitas transportasi umum, bahkan subsidi mobil listrik, bodoh."
1647656057311993856,Mobil listrik hanya besar di awal yaitu harga mobilnya mahal. Tp untuk perawatan dan biaya bahan bakarnya murah. Pajak murah. Service paling habis 150rb/Tahun. Listrik 6 bulan-1 tahun habis 1 juta.
1626441406956064768,Mantep sih PLN mempermudah pengisian untuk penggunaan kendaraan listrik dan sangat membantu
1613081037671895042,alasanku tidak ganti Tesla karena masih nyaman dengan beat
1613312644303425536,Faisal Basri Sebut Subsidi Kendaraan Listrik Sarat Kepentingan Pejabat Waduh apakah itu yang dimaksud profesional wong cilik â‰ï¸ ğŸ‘‡ğŸ‘‡ğŸ‘‡
1612317031340314626,"mobil motor listrik di subsidi 40jt 8jt, eh eh kementan melakukan aksi sebaliknya, subsidi pupuk petani padi di potong 70% dari biasanya. Ini keputusan paling TOLOL di saat harga beras naik. Andai petani padi mogok tanam, seru juga iya negeri ini?!"
1624197311248367618,"Leres.... Itu yang saya mengomong ke teman-teman yang bangga beli kendaraan listrik. Mindahin polusi saja. Lha ini kan gembar gembor karena listrik di jawa turah2. Program listrik besar2, sudah jadi, pandemi, santai down semua. Listriknya nganggur. Piye carane supaya tidak rugi banget..."
1648808646703448064,Agak2 naik Tesla battery cepat habis tak?ke kena standby power bank.tanya je ğŸ˜‰
1645542729332424705,"Betul pak, hambatan terbesar kendaraan listrik adalah waktu pengisian baterai â‰  jarak tempuh. Saya ambil contoh gesits, untuk jalan 50Km butuh dicharge 3-4 jam, artinya maks jarak rumah ke tempat tujuan maksimal 25Km. Jika butuh jarak lebih solusinya bisa battery swap dengan sistem sewa."
1659077744188362752,"PEVS yang berlangsung 17-21 Mei 2023 di JIEXPO Kemayoran Jakarta, PLN membuka booth untuk menyosialisasikan penggunaan kendaraan listrik yang murah dan ramah lingkungan serta kesiapan infrastruktur supporting"
1647782842267574272,"berkat cadangan nikel yang luar biasa, Indonesia telah menjadi pemain utama dalam industri kendaraan listrik global. bulan desember 2020 saja BASF Eramet telah menandatangani MOU untuk mengevaluasi pengembangan smelter hidrometalurgi nikel-kobalt, termsukk high pressure acidâ€¦"
1626401044862472192,good job untuk seluruh tim! terhitung hingga Januari 2023 sebanyak 588 unit mesin SPKLU tersebar di Indonesia untuk pengguna kendaraan listrik
1660206964276875268,"Tak hanya pasokan listrik, PLN juga memastikan kendaraan listrik dan infrastruktur pendukungnya tersedia selama KTT ASEAN berlangsung."
1637288901055492096,"jadi ingin merasakan naik kendaraan listrik, soalnya lumayan mengurangi polusi"
1612646111021522944,"Kebijakan pemerintah dalam memberikan insentif kendaraan listrik terus menuai polemik hingga saat ini. Pasalnya, pemberian insentif itu dinilai kurang tepat saat ekonomi global terancam resesi dan subsidi ini dianggap hanya akan menguntungkan kalangan masyarakat menengah atas."
1636434746048921600,keren banget upaya PLN dan pemerintah demi perkembangan ekosistem kendaraan listrik patut di acung jempolğŸ‘
1638451568113602560,EV ki manchi infra undi Charging ki 10 Mins ala padite And Charging stations setiap 25 Km unte EV konta apati varaku Petrol better
1635473014149242882,"Hai Sobat BUMN, Electrizen, PLN bekerja sama dengan Sekretariat Presiden mengoperasikan Stasiun Pengisian Kendaraan Listrik Umum (SPKLU) di Istana Kepresidenan Bogor. Penyediaan SPKLU pertama di lingkungan istana kepresidenan menjadi bukti PLN mendukung transisi dari -"
1632216182358159360,"Bisa jadi, subsidi kendaraan listrik cuma prank."
1620767760820338694,"Tren EV dan kebutuhannya terhadap baterai yang dimana salah satu bahan baku utama untuk baterai adalah dari nickel tentu saja akan mengerek harga komoditi satu ini, sedangkan untuk coal masa nya sudah habis karena permintaan untuk coal itu sendiri sudah menurun. Prediksi yang cukup baikğŸ§"
1625460622321410049,"Jangan salah, lumpur itu mengandung rare earth metal (logam tanah jarang) komponen utama EV dan industri elektronik. Sebagian besar sudah mendapat ganti rugi dari pemerintah sebagai dana talangan PT Lapindo Minarak. Tapi yang punya persh belum juga balikin dana pemerintah."
1634208132850233346,Pemerintah resmi memberikan pemberian insentif atau subsidi kendaraan listrik yang berlaku mulai 20 Maret 2023. Kebijakan ini diambil untuk mendorong percepatan penjualan Kendaraan Bermotor Listrik Berbasis Baterai (KBLBB).
1616821331974324225,"Emg cocok tweet mbaknya untuk mbales gambar analogi Mas Yasin. Lha memang kurang masuk mas gambarmu sama kebijakan yang satu ini. Melihat UU HKPD yang menghapus beban pajak ke kendaraan listrik dan meninjau latbelnya, memang sasaran impact kebijakan ini bukan buat kemacetan tapi buat lingkungan."
1636000210727108616,"Banyak keunggulan jika kamu punya motor listrik, seperti lebih hemat , bebas polusi dan tentunya tidak bising saat di kendarai"
1636335643046580224,"Yuk lah kita ikut membantu,agar bisa mempercepat transisi energi melalui ekosistem EV"
1647300185079558145,Motor Listrik (Molis) adalah kendaraan bermotor yang menggunakan tenaga listrik sebagai sumber energinya
1636299039749832706,"Dukung Ekosistem Kendaraan Listrik, Casion Siap Bangun 10.000 Charging Station hingga 2025"
1612056206239203329,Kenapa harus ionic. Wuling airev lebih murah. Mobil listrik juga. Cocok untuk jalanan Bandung yang macet sana sini.
1637285260961644545,"PLN memperkenalkan motor listrik di IIMS 2023 , pada gelaran Indonesia internasional Motor Show(IIMS) 2023 kali ini PLN menghadirkan 12 motor listrik hasil konversi dari motor BBM"
1646361282411634689,"Bu dr, masalahnya pada supply chain karena perusahaan yang mengelola dari china jadi bahan baku battery siap jadi ada di negara itu. Kalo bangun di indonesia Tesla perlu effort lebih yang mungkin tidak menguntungkan. Salahnya pejabat negara kita ""dulu"" tidak berpikir kesana jadi nya iya begini"
1616290089101033473,"Bener bgtt!!! Sebelum gencarin mobil listrik, mbok iya perbanyak dulu sumber energi listrik terbarukannya. Kalo listrik masih dari batu bara mah sama saja bohong"
1613866295036108800,Motor listrik dan mobil listrik harganya berapa ? Yg bisa beli itu paling yang sudah punya motor atau mobil walaupun diberi subsidi. Tapi motor dan mobilnya lamanya apa tidak dipakai lagi atau dibiarkan tidak punya pekerjaan sehingga tidak membutuhkan BBM ?
1642412506558914565,bank BANK BANK KM MAIN EV EV GAK BANK
1632757040127827968,Tesla mengurangkan harga di seluruh dunia dalam usaha untuk merangsang permintaan - TESLA Inc telah mengurangkan harga kendaraan elektriknya di Amerika Syarikat dan
1613783016870129669,"Pro Kontra Subsidi Kendaraan Listrik, Pengamat Minta Pemerintah Tinjau Ulang"
1659046660037648384,"Emas sepakbola sea games 2023, subsidi kendaraan listrik, plan konser coldplay tulang lunak. Dll. Akhirnya publik hampir lupa dengan sih ahoax komut Pertamina."
1633011634116362240,"Pemerintah Gelontorkan Rp1,75 T untuk Subsidi Motor Listrik 2023"
1610701201330540544,Gue tidak peduli mobil listrik eco friendly. Gue cuma peduli mobil listrik dan hybrid itu lebih murah dari segi konsumsi bahan bakar. Oh dan juga keren.
1627473328725446656,"Menda baru, memang mahal kalau siapa yang pakai dulu. Minyak kita puna RON95 itu subsidi, sedangkan EV ini tiada. Abudi biasalah, suka buat teruk."
1626942344271659011,"âœ¨ Sepeda Motor listrik Uwinfly Golden Turtle 2 New series - golden turle 2 âœ¨ Rating : 5,0 Cek Harga : Flash sale :"
1659123666142265344,"Dukung Ekosistim Electric Viehicle, PLN Gratiskan Pemasangan Home Charging"
1615246814936195078,"Penganalisis RHB Investment Bank, Jim Lim Khai Xhiang, berkata hal ini terutamanya kerana kos bateri yang tinggi iaitu sekitar 30 hingga 40 peratus kos EV, dijangka kekal tinggi pada 2023."
1627342947858653184,Mantappp banget PLN mendukung upaya pemerintah untuk mengembangkan ekosistem kendaraan listrik.
1658732511898505218,"setuju! mobil listrik ini inovasi keren buat mengurangi polusi, juga ramah lingkungan"
1625802233165283328,LINK BOLA HARI INI *MADURA UNITED VS PERSITA KICK OFF 15.00 WIB* *ARSENAL VS MANCHESTER CITY KICK OFF 02.30 WIB* *REAL MADRID VS ELCHE KICK OFF 03.00 WIB*
1660788230776836096,Sebut Moeldoko dan Luhut Pemain Kendaraan Listrik. Faisal Basri : Subsidi Untuk Diri Sendiri.
1625781766647848961,"4.JPN mudah2an: Meningkatkan Kerjasama Investasi signifikan di RI,a.l: -Infrastruktur -Manufaktur -IKN -Energi -Teknologi -Digitalisasi -Electric Vehicle -Sbg Investor peringkat 3 Besar di RI 5.RI semoga mampu membangun PLTN2. Unt Kemandirian Energi Spt banyak PLTN2 di Negara2 Maju"
1659031526045274113,"Pas habis dari pameran kendaraan listrik di Jiexpo saya jadi niat nabung buat beli molis,,,sepertinya enak kalau pakai molis"
1632389343896801280,Siap-siap! Subsidi Kendaraan Listrik Diumumkan Besok lewat .com
1630209624409505793,"Mantap Keren Nih Targetkan Net Zero Emission, Pertamina Siapkan Ekosistem Kendaraan Listrik Semoga progresnya ini lancar selalu yaah. ğŸ‘ğŸ»"
1658735591796916224,"dukung banget sih ada kendaraan listrik gini, jadi tidak berisik dan juga ramah lingkungan"
1659205853784981505,"Guys, PLN ajak masyarakat kurangi emisi karbon dengan menggunakan EV atau Electric Vehicle Safa, Malam, Where Is The MV"
1620973043941249025,Syarat Dapat Subsidi Konversi Motor Listrik Rp7 Juta
1628753844112064513,"Electrizen, Presiden RI Joko Widodo mengajak semua pihak mendorong penggunaan kendaraan listrik pada gelaran Indonesia International Motor Show 2023 di Jiexpo Kemayoran. Hal ini dilakukan untuk mendukung target pemerintah dalam transisi energi sekaligus pengurangan emisi karbon."
1613841958216032256,Tesla menurunkan harga EV secara drastik di AS dan Eropah
1637296051450421248,Gimana rasanya menggunakan dsn memakai motor listrik yang ramah lingkungan? Jadi penasaran dan ingin memiliki juga
1660621660209446912,Setuju tidak insentif untuk mobil listrik?
1626114198743961600,"Dia yang memberi subsidi buat kendaraan listrik, dia juga yang meminta rakyat agar tidak profesional kendaraan pribadi. Lawak."
1621160558459494404,Subsidi mobil listrik di Indonesia Bukan lah hal yang perlu di dahulukan . Masih banyak kebutuhan lainnya yang lebih urgent
1643115272663109632,"Motor listrik yang bisa ikut program subsidi 7 juta, harus memiliki tingkat komponen dalam negeri (TKDN) minimal 40% , Seperti motor listrik VIAR New Q1 yang memiliki TKDN sebesar 50%."
1660856265118044161,Pemerintah resmi menetapkan subsidi kendaraan listrik berupa potongan harga untuk pembelian motor listrik baru atau konversi mulai 20 Maret 2023.
1626401337473892352,PLN menciptakan ekosistem kendaraan listrik di tanah air dengan fokus utama membangun fasilitas pengisian energi SPKLU dan SPBKLU di setiap titik
1649993645343514624,"Hai PLNers, bagi teman-teman yang sedang Mudik Lebaran 1444 H, PLN UP3 Kotamobagu menyediakan Posko Lebaran di ULP Inobonto. Tersedia tempat istirahat, kamar mandi, dan dilengkapi SPKLU (stasiun pengisian kendaraan listrik umum). Marijo basinggah ğŸ‘"
1639605029333262337,"Pameran PEVS 2023, Manfaatkan Insentif Kendaraan Listrik"
1660451861516943360,Jadi ASEAN mempercepat transisi energi hingga meningkatkan ketahanan energi di setiap negara anggota ASEAN. Sudah banyak juga beralih ke kendaraan listrik untuk pusat pertumbuhan
1626401045432745986,yang hadir untuk memberikan kemudahan dalam pengisian mobil listrik lebih praktis karena PLN selalu melakukan yang terbaik
1652112932283768832,"China sudah melakukan banyak lompatan teknologi di banyak bidang sot aerospace, matahari buatan, kend.listrik, dsb. Yg ini teknologi baterai baru dari Natrium Ion dengan bobot lebih ringan tetapi kemampuan WattHour yang tinggi, lebih cepat dicharge, sehingga ongkos bisa lebih murah"
1633357686988496898,"Si lord punya program subsidi motor listrik, tetapi cuma untuk 200 ribu motor, sedang jumlah motor ada 15 juta lebih....piyee jal, rakyat disuruh berantem rebutan atau bagaimana yaa?ğŸ˜"
1629734818811641857,Jokowi Gas Pol Ketahanan Energi Tau kan kita punya Nikel yang akan jadi andalan Energi masa depan. Insentif Kendaraan Listrik RI lebih menarik dari Thailand. Investasi Pabri Battery akan lebih menggiurkan di sini ğŸ˜‚
1618164566919380992,"Kembangkan Baterai Lithium-ion Mobil Listrik, Honda Kerja Sama dengan GS Yuasa"
1640635422312398850,Emang mantap ini Air Ev pas nyetir pakai mobil perang nyaman sentosa disepanjang jalan
1646533030142685191,Dapat di perkirakan Proyeksi penambahan jumlah kendaraan listrik yaitu 58% per tahunnya dan dari total kendaraan di Indonesia pada tahun 2030 mencapai 45%
1615177407195131905,"Pabrik Motor Listrik Beroperasi, Nihil Infrastruktur Pendukung"
1641578815804821504,"Bangun Rantai Mineral serta Baterai Kendaraan Listrik, MBMA Perkuat Modal Lewat IPO"
1659546596881887236,"Pada pameran kendaraan listrik ini,PLN juga menyiapkan arena test ride motor listrik Ginting Badminton DM Twitter Kemenpora Virgoun PBSI Ketikung Set 1 Eric"
1660900633334145027,orang kecil pengusaha mobil/motor listrik yang dapat subsidi dari negara/rakyat
1645765509428961280,Melalui kerjasama yang di lakukan PLN maka setiap pelanggan yang membeli mobil listrik akan mendapatkan layanan home charging! ğŸš—
1626403328661032960,Wahh PLN juga memberi diskon dan tambahan khusus buat kalian penggunaan kendaraan listrik baru ini
1658687008225779713,"Gue saja mengerti yang tidak tinggi2 sama sekolahnya, mengerti apa yang disampein Pak Anies soal kritik subsidi mobil listrik yang menyesatkan."
1621149380454813699,Andai 10 atau belasan THN lalu karya anak bangsa ini terus dikembangkan diperhatikan pemerintah yakin ndonesia akan jadi salah satu pemain industri mobil listrik. Tapi begitulah tiap ganti pemimpin ada program yang belum berkembang tidak akan dilirik.
1628564322795520001,PLN siap mengoptimalkan infrastruktur ekosistem kendaraan listrik sebagaimana arahan Presiden RI Joko Widodo untuk mempercepat transisi energi melalui ekosistem EV. Dalam Foto: Presiden Republik Indonesia Joko Widodo mengunjungi booth PLN pada IIMS 2023 didampingi
1637293424838864903,"Emang sudah saatnya beralih menggunakan kendaraan listrik sih, apalagi sudah di fasilitasi sedemikian lengkapnya sama pln"
1648161515151958017,Nyaman banget kalau sudah di dalam Wuling Air EV
1621268669673394176,Batery mobil bahanya nikel. Melarang eksport nikel untuk di olah dalam negeri jadi bstery mobil. Investor mobil listrik akan membangun mendekati pabrik batery mobil yi indonesia
1630109599939571712,"5 Love Languages untuk Climate Nerds 1. Act of Service; kita dapat mengambil aksi untuk menjaga bumi dengan bersepeda, mengurangi makan daging, naik kendaraan listrik dan kereta, dan memanfaatkan energi terbarukan seperti tenaga surya."
1658970541708173312,Lulusan LN Konteksnya bukan menurunkan emisi tetapi promosi kendaraan umum. Trus kamu mau bilang kendaraan listrik ada emisinya??? Goblog amat tuh lulusan LN kalau kendaraan listrik ada emisinya.ğŸ˜‚ğŸ˜‚ğŸ˜‚ membanyaki belajar baca konteks yang diomongin lulusan LN ysb.
1617493158878916609,"Betul, kereta EV ini sesuai untuk city driving jela. Battery kecil 150km pun cukup, lepas 4 hari cas kat rumah 8 jam. Settle."
1626401043906011136,"Banyak sekali program PLN yang memudahkan pengguna kendaraan listrik di Indonesia, salah satunya EVDS yaitu platform digital one stop services ekosistem kendaraan listrik"
1626407836933836801,"Menggunakan kendaraan listrik, secara operasional biayanya jauh lebih hemat ketimbang kendaraan konvensional yang menggunakan BBM. Selain itu kendaraan listrik juga ramah lingkungan dengan tidak mengeluarkan polusi sesegera mungkin dan polusi suara"
1616688701387730945,"Wkwk saya juga mau kalau di tf untuk mencicil Tesla, tidak murah soalnyağŸ¥¹ Harga yang hampir 2M itu wkwk, pasti cicilannya setara UMK Jakarta kayaknya, atau bahkan lebih wkwk."
1615521021511229442,Pemerintah terus mendorong pembangunan ekosistem kendaraan listrik atau _electric vehicle_ (EV) melalui produksi baterai kendaraan listrik pertama di Indonesia yang ditargetkan akan mulai pada tahun 2024 mendatang.
1617006016025223169,Komitmen ini sejalan dengan program Pemprov DKI Jakarta yang menjadikan kawasan Kota Tua sebagai kawasan pedestrian yang menerapkan kebijakan Low Emission Zone (LEZ)
1637295371453079553,"senang banget lihat motor listrik sekarang sudah di fasilitas ini dengan baik, kalau banyak yang pakai ini asli bakal enak sih. ramah lingkungan, jadi mengurangi polusi"
1628612259756007425,Serba-serbi MMC Bagaimana Islam memandang kapitalisasi Ibadah pada mahalnya ongkos haji? Disisi lain pemerintah justru iming2 subsidi untuk kendaraan listrik.
1640639258787475457,"Mobil Perang jaman sekarang itu irit banget , Air Ev ini bisa nge charge di rumah."
1645930148443885569,"Ford cuma bangun smelter, sementara tesla bangun pabrik baterai. Bisa bedain?"
1640976461527154688,"Betul Pak, untuk mengatasi itu mari subsidi motor listrik! Semangat Pak!"
1633756097113726976,Hyundai apresiasi langkah pemerintah percepat ekosistem EV
1626401294217801728,PLN mendukung pengisian daya kendaraan listrik dengan cara membangun SPKLU dan SPBKLU yang tersebar di seluruh Indonesia.
1636556645441622016,Gue juga sudah mulai beralih pakai kendaraan listrik karena ternyata lebih hemat
1661144834982428673,"Drpd sibuk bongkar motor listrik subsidi, lebih baik bongkar begal partai lebih seru"
1614947409213415430,"apa Indonesia sudah bebas banjir pak? Coba bayangkan mobil listrik kerendem air itu apa kabar baterai nya? Mobil listrik itu tetap mobil pribadi bukan? Apa iya mobil listrik jadi transport umum tiap lihat mobil Tesla diberentiin terus nebeng, gitu?"
1621406261576335361,"Ya betul , alhamdulillah ada subsidi, tapi yang bikin kendaraan listrik iya itu itu juga, LBK, MLDK, Indika, mantap"
1636047582773534722,"Nah, biar programnya ini terlaksana dengan baik, pemerintah kasih bantuan/insentif/subsidi ke orang-orang yang mau beli/pakai mobil listrik. Waktu awal berita sih namanya ""insentif"" iya bukan ""bantuan"". Tapi saya tidak mengerti apakah sistemnya diskon harga atau cashback."
1651381316339003392,"Intinya, yang harga nya tidak bikin beratin sih cewenya.. *Yaaa minimal memberi mobil lambo/tesla ğŸ™ğŸ»"
1629705684538519552,"Kegiatan jalan sehat ini juga dimeriahkan dengan pembagian doorprize mulai dari motor listrik, sepeda, kulkas, mesin cuci dan masih banyak lagi kepada para peserta."
1618906603000070145,"2. Kenapa fokusnya ke EV, sedangkan masalah utama yaitu kendaraan berbahan bakar fosil jarang sekali dibahas. Mana yang lebih zero sum ke transportasi umum, subsidi BBM 200 triliun atau subsidi EV 4 triliun? Kok yang dibahas EV terus?"
1632729949944819712,"Ayah Shane Lukas Sudah Jenguk David Ozora ke RS dan Minta Maaf, Keluarga Agnes Gracia Haryanto Kapan? Tanah Merah Adila Jelita Tempe Monas Ipul Salam 7-0 De Gea Ivana Yoan Agnes David Mario Dandy Erick Thohir Subsidi Kendaraan Listrik Anang Tabrak"
1645801173201620993,Wahhh menuju Net Zero Emission saatnya mobil listrik harus jadi gaya hidupmu karena pemerintah sedang mempersiapkan aturan akselerasi kendaraan listrik Umur 15 malam lailatul qadar mario pelabuhan merak Qris dokter park seo joon wani selasa CPNS Taeyeon mingyu
1616834638701551617,"yang di bahas baterai listrik nikel buka accu/aki dodoolll. baterai listrik buat sumber tenaga mobil listrik itu dari nikel dan ferro, kedua komoditi itu berlimpah di nkri, makanya junjungan kamu ngebet jadi presiden karena nkri punya aset yang lebih berharga dari minyak di masa depan"
1632874437061283840,Siapakah yang akan makin kayak dari subsidi motor listrik tsb?
1646140286454882304,"Udah Banyak Loh SPKLU Sekarang di Indonesia, Jadi Aman Deh Pakai Mobil Listrik."
1627610900114046976,Harga boleh beli yaris gt. Fak those ev cars!
1648340499210866690,"Bagi menyokong usaha peralihan tenaga dan penggunaan EV, kami ada berita baik buat anda, pengguna EV! ğŸ¤© Jangan lupa singgah TNB Electron untuk cas kereta SECARA PERCUMA dari 19 - 21 dan 24 April ini! âš¡ Hati-hati semasa memandu! ğŸš—"
1616657193084030977,"Diskusinya ada di sini za. Intinya mah EV tidak ngesolve masalah lingkungan. Listriknya tetap dari energi yang tidak ramah lingkungan. mau pakai energi yang ramah lingkungan, tetap buka lahannya ngebabat hutan lindung juga. ğŸ˜­"
1634092237721321472,"Dukung Ekosistem Kendaraan Listrik, PLN Perbanyak SPKLU di NTB - BUMNINC"
1640146292457508874,"PinterÂ² dikitlah. Kalo benar nilai tambah nikel itu ke china, terus mengapai tesla buka kantor di malaysia? Gak semua berita benar mang."
1660614091092930561,Hrusnya kan yang jualan yang ngedumel kok kenapa jadi ente? Hmmm... udang di balik bakwan neh... ğŸ¤­ Moeldoko Ungkap Biang Kerok Motor Listrik Subsidi 'Gak Laku'
1631667679978475520,"1,stop IKN 2,tolak kenaikan BBM LPG listrik 3,tolak Subsidi mobil listrik, mobil hibrida 4,stop Mega proyek bloon Rugi pemerintah 5,stop proyek""infrastruktur tidak karuan presiden 6, stop impor pangan 7,hanpus pajak kebutuhan pokok primer rakyat 8,jgn kurangi subsidi pupuk petani"
1637318247329697792,"Makin maju deh sekarang Indonesia, dengan memakai kendaraan listrik maka akan berkurangnya juga polusi udara"
1621358790036852736,Jika kendaraan listrik sukses.. Maka subsidi bbm akan berkurang banyak bisa digunakan untuk kesejahteraan rakyat yang lain..
1658677509452623872,"Sebuah studi dari menyebutkan, penambangan nikel di Indonesia dan Filipina diwarnai pelanggaran HAM dan perusakan lingkungan. â€œJika Elon Musk percaya ekstraksi nikel ramah lingkungan, itu tidak benar.â€œ"
1626978019956133889,"Presiden menegaskan bahwa pemerintah saat ini terus mendorong agar ekosistem mobil listrik dari hulu sampai ke hilir dapat segera dimiliki oleh Indonesia. Melalui ekosistem tersebut, Indonesia diharapkan dapat masuk ke dalam rantai pasok global."
1660500887356477442,"Masyarakat Wajib Tahu, Daftar Terbaru 18 Motor Listrik yang Dapat Subsidi Rp 7 Juta, Cek Di Sini!"
1636621490186780672,"Lewat pameran ini, PLN sekaligus mengenalkan beragam fasilitas layanan untuk kendaraan listrik seperti SPKLU, SPBKLU hingga layanan home charging."
1638578940766990337,"Karena keunggulannya kini penjualan mobil listrik meningkat drastis. Kamu juga jangan sampai ketinggalan untuk membeli mobil listrik iya guys, kapan lagi ada kendaraan yang mendukung energi bersih dengan harga terjangkau dan desain modernğŸ¤©ğŸ™Œ"
1629867381173686272,"Padahal pemerintah kita mau menggalakan subsidi kendaraan listrikâ€¦ ğŸ’ªğŸ½ğŸ’ªğŸ½ğŸ’ªğŸ½ Nanti macetâ€¦ sama kendaraan listrik semu, sama rubicon."
1643278432107917312,Semoga makin banyak yang beralih ke kendaraan listrik iya
1637293067333148672,"Mending beralih ke Kendaraan Listrik, apalagi sudah di dukung dan difasilitasi dengan baik. Ayo Ciptakan Indonesia yang lebih Ramah Lingkungan"
1618786695058722816,"Misal makin banyak EV, yang ada LEZ nya jadi banyak EV masuk mondar mandir. Yg rusak â€œtata kotaâ€ itu bukan cuma soal polusi, tetapi alokasi untuk parkir atau pemikiran alokasi besar pada jalan yang masih ada pemerintah. Akhirnya LEZ tetap tidak beri kontribusi apa-apa - tetapi iya cuma kurang polluted aja."
1620617169192235009,"Jokowi menyadari mengintegrasikan komponen-komponen baterai dan mobil listrik tidaklah mudah, meskipun Indonesia memiliki hampir semua bahan yang dibutuhkan."
1631423633620082688,Selama 5 tahun motor listrik bebas biaya servis?
1650687086239047680,tertawa ah kan. terbayang siot masa kalau semua sudah guna ev nanti tidak banyak port untuk charge
1617524415369203713,Konspirasi : Ternyata subsidi kendaraan listrik buat menarik e-musk buat invest Krn di wkwkland sendiri electric source kebanyakan masih pakai diesel *Â² Disclaimer : jangan dibawa serius
1646477406180605953,Air Ev dapat subsidi pemerintah yang tadinya PPn nya 11 persen jadi cuma 1 persen.. Keren!
1622274425449254912,Cari bengkel mobil listrik Kalo ke pln kayak mau memasang listrik baru tertawa
1643238047138582529,"Kalo begini kayak nya ibu ibu juga akan seneng, soalnya mayoritas pengguna motor listrik paling besar di Indonesia sendiri itu ibu ibu"
1616814601441792000,"Ngoceh panjang lebar pakai english ternyata intinya anda itu out ouf touch, mbak. Pemerintah BISA selesaikan masalah kemacetan dan polusi secara bersamaan. Hanya butuh political will saja kok. Bisa subsidi kendaraan listrik yang mahal = bisa bangun transportasi publik."
1633008127070310401,Indonesia maju dan berkembang terkait kendaraan listrik...hal yang terus kita dukung pemerintah.
1632615317691322369,Anggaran Insentif kendaraan listrik apakah berasal dari APBNâ€¦.?
1651033952663240705,"Bermotor Listrik Berbasis Baterai Roda Empat Tertentu dan Kendaraan Bermotor Listrik Berbasis Baterai Bus Tertentu yang Ditanggung Pemerintah Tahun Anggaran 2023 (PMK PPN DTP Kendaraan Listrik) untuk meningkatkan pemanfaatan kendaraan listrik baik roda dua, roda empat"
1634028576004775943,"Akselerasi Ekosistem Kendaraan Listrik, PLN Gandeng ITDC Pasang SPKLU ke 8 di NTB nbsp;"
1613733589509865472,Pemerintah memang semakin gencar mendorong percepatan konversi kendaraan listrik. Gencarnya ajakan oleh pemerintah ini memunculkan kritik dari publik karena dinilai belum mendesak. Sejumlah pihak meminta pemerintah untuk bisa mengalokasikan dana subsidi untuk transportasi umum.
1637310396200812544,"Solusi buat ramah lingkungan, iya pakai kendaraan listrik"
1617794899868520452,Kementerian Investasi/BKPM akan terus mendorong kerja sama investasi berkualitas di bidang industri baterai kendaraan listrik di Indonesia yang termasuk ke dalam program transformasi ekonomi hijau.
1650507964753510403,"Sigit protes ke kenapa biaya twitter berbayar Rp. 165.000 per bulan lebih mahal dari dia makan di rest area. Oleh , sigit bahkan ditawarin saham Tesla."
1628514206529261568,"DPR RI harus memastikan subsidi untuk kendaraan listrik ini berupa dana cash tidak ada, masih banyak kebutuhan rakyat yang lebih urgent daripada mengsubsidi kendaraan listrik, kalau memang mendukung tidak perlu dipajakin tuh kendaraan"
1626445220996071424,"Keren banget, benaran membantu para pengguna mobil listrik. Sekarang kalau berpergian jauh tidak khawatir lagi karena PLN sudah bangun SPKLU dan SPBKLU di seluruh indonesiaa"
1609886614981079041,kat Kelantan mana erk Ada charging station?
1658715979369553921,"Hadir di PEVS 2023, PLN Ajak Masyarakat Pangkas Emisi Karbon Pakai Kendaraan Listrik"
1650895039214788608,"EV belum matang untuk malaysia. No carbon emissions regulation, nomor adequate infrastructure, minyak pun lagi murah dari air mineral, untuk apa EV? Menyusahkan diri fikir nk charge. Charge pun bukannya free."
1637822839951880193,Charge kendaraan listrik kamu bisa di rumah aja!
1612324787673759744,"Kalau memang konversi BBM dialihin ke listrik. Kenapa subsidi kendaraan listrik paling banyak nampung penumpang bahkan dikurangi? Alasannya biaya operasional makin tinggi, lalu kenapa subsidinya bahkan ke mobil listrik yang maksimal angkut penumpang 4-6 orang?"
1642820311736524800,7 T subsidi EV bisa. he
1610467020210049024,"Naiknya 3000, turunnya 1000 Pertamaks series Saatnya beralih kemotor listrik untuk Daily User ku. Kalo se indonesia pakai motor listrik, apakah penyedia BBM akan bangkrupt, dan udara bersih? Kali Bbm tidak laku, apakah bbm bakal terus turun harga? Cc"
1636751537618960386,"Tdk perlu malu, Presiden bisa pilih produsen Kendaraan Listrik Baterei Lithiumnya dari Jepang-Korsel-China-India yang tidak kalah canggih dibanding Tesla pasti harganya lebih murah. Bila perlu bertahap Angkutan Umum Massal di indonesia diganti Kendaraan Listrik dari keempat Negara tsb."
1628595641613160454,"Pupuk subsidi langka,non subsidi mahal,hasil panen murah....beras kurang karena petani enggan rugi jika terus bertani,anggaran bahkan buat impor,subsidi mobil listrik ğŸ¤¦,rakyat butuh makan,sembako murah,harga turun...bkn buat menjadi kayak tetapi buat bertahan hidup"
1639429550303215616,"Bagaimana china menyiasati trend mobil listrik? Pabrikan china memberi layanan battery swap bagi penduduk china pengguna mobil listrik. Udah seperti pom bensin. Batre mau abis? Ringgal datang ke layanan battery swap, tidak sampai 10 menit mobil jalan lagi."
1643061321448181760,lingkungan istana kepresidenan. Hadirnya SPKLU ini juga menjadi perhatian tamu-tamu negara bahwa Istana Kepresidenan menjadi pionir dalam mendorong kendaraan listrik di Indonesia.
1648821563117170688,Pada kunjungan ini juga dijelaskan kesiapan PLN UID Sumatera Utara menyediakan SPKLU di 9 Lokasi Jalur Lintas Mudik untuk mendukung operasional kendaraan listrik yang digunakan pada mudik lebaran tahun ini.
1650507044049375234,Kini bagi pelanggan mobil listrik bisa charger kendaraan di rumah loh...
1616554580548153344,"Iya mas, kurang poluted. Tp masnya tahu kan kalau beli kendaraan listrik baruâ€” dengan harga sudah disubsidi juga tetap mahalâ€” itu bukan prioritas mayoritas masyarakat (terutama kelas pekerja). Kl transisinya dimulai dari kendaraan listrik transport umum pasti bisa lebih dirasakan masyarakat."
1634825681396994048,"Ga perlu khawatir lagi, setiap pelanggan akan langsung mendapatkan layanan home charging jika membeli mobil listrik"
1640216787689062401,Stasiun ganti baterai (SGB) bisa digunakan pengguna kendaraan listrik. SGB di kantor PLN terintegrasi dengan fitur khusus kendaraan listrik di PLN Mobile
1649093016077090817,Mungkin habis nebus EV hasil subsidi jadi tidak sempat beli bensin
1610817080894578690,"Rumah murah bukit cipageran indah Harga Rp 599 juta Spek Luas Tanah : 119 m2 Luas Bangunan : 150 m2 Kamar Tidur : 5 kamar Mandi : 2 SHM, IMB Carport 1 Mobil Listrik 1300 Watt Air PDAM Alamat : Kec Cimahi Utara WA : 081339094004/089638815552"
1616710756703297536,Pengen lihat debat influencer otomotif yang bilang tetap akan jadi ramah lingkungan pakai mobil listrik walau pembangkit listrik masih batubara vs yang punya opini kayak gini. Karena keduanya rasanya sama sama masuk akal ğŸ« 
1622854223410130945,"Banting Harga! Mobil Listrik Selis Roda Tiga Bisa Tembus Jarak 60 KM, Dilengkapi Garansi Hingga 5 Tahun"
1625094667342872577,(14)Kenapa uang untuk selenggarakan balap mobil listrik bisa jauh lebih mahal dari negara lain? Kenapa banyak proyek yang mahal tapi mutunya rendah?
1610819279859109891,"Rumah baru jalan simpati cilame ngamprah bandung barat Harga Rp 450jt nego Spek Luas Tanah : 77 m2 Luas Bangunan : 40 m2 Kamar Tidur : 2 kamar Mandi : 1 SHM, IMB Carport 1 Mobil Listrik 1300 Watt Air PAM - Pondasi ceker ayam. - Dinding heibel WA : 081339094004/089638815552"
1644502375250677760,Rare earth material .. contohnya dalam motor electric ada Neodymium untuk buat Neodymium magnet. Lepas itu battery ada Colbalt yang juga rare earth material .. lagi saintis tidak jumpa material murah kereta EV akan tetap mahal
1613215551765250050,"Puan Maharani memastikan DPR ikut mendukung penggunaan kendaraan listrik demi mengurangi polusi udara, serta mengurangi subsidi BBM di tengah harga minyak dunia yang terus meningkat. 50 Tahun PDIP Puan Capres Terkuat"
1648682903088558082,"Senyap tapi bertenaga, sepeda motor listrik membuka jalan menuju masa depan transportasi roda dua yang lebih hijau. Electrizen, yuk coba ? Jadi, tertarik coba ?"
1610548824174637062,"Indonesia sangat sangat jauh dari hal-hal bgini. Kalau disini yang ramai parkir mobil motor, kalau di video ini parkir sepeda sampai bertingkat tingkat. Memang pemerintah kita tidak serius kok dalam menangani masalah transportasi yang ada. Malahan kalau bisa 1 keluarga 1 mobil listrikğŸ˜"
1637294076826619905,Jadi ingin punya motor listrik soalnya bahan bakar nya hemat dan ramah lingkungan pula
1659046341161680896,Pengen juga coba kendaraan listrik ini pasti bakal ramah lingkungan banget
1636620954754519041,Kelebihan Baterai Lithium Dibanding Baterai SLA di Motor Listrik
1645731916497436673,"Elon Musk Bangun Pabrik Baterai Mobil Listrik di China, Indonesia Kesalip Lagi"
1658735131987955712,"kayaknya bagus juga iya pakai mobil listrik kalau ramah lingkungan gini, mana modelnya juga bagus banget lagi"
1626860620472778752,"NGEBOOTH Vol. 2! Siapa yang sudah tidak sabar banget buat dapat informasi seputar EV Ecosystem? Nah, ini saat yang tepat! Yuk, langung merapat ke booth Pertamina di IIMS 2023, malam ini pukul 20.00 WIB."
1635576941901393920,Airlangga Hartarto dan Masa Depan Kendaraan Listrik Lebih Ramah Lingkungan
1645623598454042625,(kendaraan listrik) di Indonesia. PLN memastikan infrastruktur pendukung kendaraan listrik tersedia di jalur mudik sehingga memudahkan pengguna mobil listrik yang mudik untuk melakukan pengisian daya.
1638769281327587328,Disisi lain jorjoran kasih subsidi kendaraan listrik.
1659097427725500417,PLN berkomitmen beri kemudahan untuk pengguna kendaraan listrik
1647623152246362112,Pengurangan emisi karbon hanya milik kendaraan listrik yang dapat subsidi bagi yang mampu beli
1658600459484147713,Sayangnya kendaraan listrik saat ini relatif mahal dengan segala keterbatasannya (performa dan jarak) sehingga jika head untuk head dengan kendaraan mesin bbm menjadi tidak menarik bagi kebanyakan masyarakat (termasuk saya sih). Ini mungkin yang menjadi pertimbangan subsidi listrik
1645326012891414528,"gencar subsidi mobil listrik dengan dalih lingkungan, tetapi tutup masalah pencemaran seperti beginian"
1629485710616178689,"Pemerintah dan keputusan mobil listrik,serta pertambangan nikel yang siap dipindah tangankan. Pemerintah serta pejabat dan celah celah hukum"
1627238859418533888,"Untuk mengembangkan ekosistem kendaraan listrik,PLN berkolaborasi dengan banyak pihak"
1643298436840820736,sedang fokus subsidi kendaraan listrik atau memang dibiarkan dipepes sampai capek dan tergiur tawaran Sales Mobil
1635561381603999745,"Gus Agus.. Turun juga dari 40 ke 25.. Gue dibilang profesional China, Gus.. Padahal saya bacoti kamu soal Wuling.. Agus dulu: Insentif Rp80 juta untuk pembelian mobil listrik, Rp40 juta untuk mobil hybrid, Rp8 juta untuk pembelian motor listrik, serta Rp5 juta untuk motor yang dikonversi.."
1659022071752712194,Subsidi mobil listrik solusi kah? Serba-serbi MMC
1628049446411046912,Jengat euy Torsinya Spesifikasi Motor Listrik TVS iQube : Torsi 140NM ! lewat
1660461760657391616,Kendaraan listrik mah memang menjadi impian Gak pakai bbm hemat duit ini Semoga semakin banyak beralih ke motor liatrik Jadi Pusat Pertumbuhan
1642454159466332164,Tnda2 pengalihan ke kendaraan listrik secara paksa
1616484170439757825,"Mau tujuannya mengurangi polusi atau mengurangi macet, secara logis dominant strategynya tetap pembangunan transportasi umum. Apalagi melihat sumber listrik kita yang masih belum bersih. Jadi alasan kenapa mobil listrik diagung2kan sama pemerintah makronesia pasti bukan dua itu ğŸ¤­"
1660567423714566145,"Kementerian Keuangan menetapkan biaya maksimal pengadaan mobil listrik pemerintah pusat sebesar Rp966,8 juta per unit untuk pejabat tertinggi setara eselon I. Namun, penggantian mobil berbahan bakar fosil ke listrik itu harus mengikuti ketentuan yang ada."
1639547076412604416,"Mendingan battery dilepas dan dipakai molis molis motor listrik lain daripada cuma disimpan dan akan rusak dalam waktu 2 bulan, tidur tidak terbangunkan dan akhirnya dibuang mendingan kasih orang lain yang mau pakai saja deh"
1645966058547974145,"Menarik ini kalau Ford bangun industri mobil listrik di Indonesia, jadi ingin tahu kualitas dan kisaran harga mobil Amerika."
1658775619046621184,"PLN sukses menghadirkan listrik tanpa kedip pada KTT ASEAN ke-42. PLN berhasil melayani pengisian daya ratusan kendaraan listrik dari para delegasi, pengamanan dan operasional KTT ASEAN melalui SPKLU"
1637698754479308800,Bocoran Harga Mobil Listrik Usai Dapat Subsidi Rp25-80 Juta dari Pemerintah
1644087178128138241,"Wuling Air EV dan Ioniq 5, Mobil Listrik Bebas Pajak yang Bikin Harga Jadi Murah!"
1632922812909223936,Hahaha... tibaknya bahkan di ACC duluan Subsidi Motor Listrik 7 juta ğŸ¤­
1636255283331878913,"Buat yang tidak mah buka link, ini saya ss_in. Y wlpun ini kjdian di malay, tetapi di Indonesia juga banyk yang miskin. Sbgai presiden, pak harusnya lebih tahu datanya. Makanya ada subsidi ev sampai 80jt, impor beras jg. Mantap pak ğŸ™ salam hormat."
1659542475298734081,"Yesss, Pertamina! Kita butuh masa depan yang lebih hijau dan ternyata ada 23 stasiun baterai yang siap didukung. Ayo dukung ekosistem kendaraan listrik!"
1627344801963339777,"Abang ini kena lah fikir tidak sebelum anak perbodohkan.ron95 kerajaan subsidi, itu yang murah.elektrik lagi2 untuk charging macam ini mana ada subsidi.2) orang kayak pakai ron 97 keatas je..kalau dia isi penuh, mesti ratus..plus ev memang untuk orang kayak je untuk now.3)cuba convertkan usd itu untuk myr"
1635110566288322560,Begini Cara Beli Motor Listrik Lewat Aplikasi PLN Mobile
1632460071979614209,"Iyaa saya paham, tapi dengan cara ini baterai nya itu juga saya yakin tidak akan mahal dan pasti dapat subsidi, mobil listrik saja dapat subsidi loh."
1617777972705992704,"Ford Pecat 3.200 Karyawan Setelah Tesla Turunkan Harga Mobil, Material Baterai Salah Satu Penyebab"
1640644491253276672,Oh ternyata ini iya Mobil Perang Air Ev yang keren dan canggih itu bang
1637349947757694976,"Electrizen,di era sekarang kendaraan yang ramah lingkungan dan futuristik merupakan daya tarik masyarakat untuk memilikinya.Jadi tunggu apa lagi, yuk kita beralih ke motor listrik."
1642274477328461824,Ada yang jualan mobil listrik. Kabarnya di subsidi pula. Oh iya mobil listrik tidak pakai minyak kan..??
1636393496620965889,inshaallah tahun ini bisa terbeli motor listrikğŸ˜Š
1646163020907675648,semudah itukah kamu membeli tesla untukku ğŸ¥ºğŸ¥ºğŸ¥º
1619591690540679168,Yg penting perusahaan-nya lancar disokong subsidi dari duit negara mak.. ğŸ˜…
1637292876232273920,kendaraan listrik memang hemat energi recomended buat zaman sekarang
1659337146652676097,"Iya tinggal di dalam goa iya BUSSER ? Sedangkan 1 mobil listrik dapat subsidi 25-80 juta. Sedangkan subsidi untuk petani di cabut, Gini amat jadi orang bodoh akal dan pikiran ditiadakan demi membela majikanya wkwkwkw"
1645198783079415810,"Ada orang tanya Tesla Singapura - RWD Model 3 penggantian battery SGD15k (50+ kWh). Sebenarnya bateri hybrid lebih mahal kalau anak tukar, walaupun kapasiti bateri itu lebih rendah."
1626440097196548097,Ikut bangga sama inovasi serta perjalanan PLN dalam menganyomi masyarakat Indonesia. Apalagi sekarang berorientasi teknologi kendaraan listrik.
1626116794145730560,"Pak , bagaimana dengan subsidi kendaraan listrik pribadi? Mohon pencerahan ğŸ™"
1629430153842688000,41 Presiden RI Joko Widodo mengajak semua pihak mendorong penggunaan kendaraan listrik pada gelaran Indonesia International Motor Show 2023 di Jiexpo Kemayoran.
1660299782295019521,"Sama hapuskan subsidi yang tidak penting, seperri subsidi mobil listrik ğŸ¤­ğŸ˜"
1626434764323590144,Upaya PLN untuk menciptakan ekosistem kendaraan listrikdengan membangun fasilitas yang mendukung EV tiap daerah
1613803617516929024,5 Rekomendasi Mobil Listrik di Tahun 2023 Siap Megaspal Temukan Harga Terbaik Anda
1658736847227604993,"Nah ini ingin banget deh beralih ke mobil listrik, biar lebih ramah lingkungan"
1660687500082581505,"makanya itu, mulai dari yang dasar-dasar dulu, energi listrik dialihkan ke energi terbarukan, baru kampanye kendaraan listrik tepat sasaran. iya kamu memangnya sudah pakai kendaraan listrik?"
1622462701804072961,"tahu tidak mbak baterai nya EV itu terbuat dari mana? sok-sok ngebahas kerusakan lingkungan, Toyota lagi ngembangin bahan bakar hidrogen, Aramco juga lagi ngembangin sustainable fuel yang zero emission tapi tetap bertenaga kayak bbm biasa, i'm sure ini the future EV bakal hancur pasarnya"
1615545879049687040,Daftar Mobil Listrik Yang Mendapatkan Subsidi Dari Pemerintah. Untuk Selengkapnya Klik Gambar Atau Link Dibawah ğŸ‘‡.
1636456023635685376,"kuota subsidi pun dibatasi. 200 ribu unit motor listrik, 50 ribu unit motor listrik konversi, 35.900 unit mobil listrik, dan 138 unit bus berbasis listrik. selain itu, besar nilai subsidi dibatasi kok hanya bisa untuk 1 NIK terdaftar."
1640929537889562624,"Sobat BUMN, PLN berkomitmen untuk mendukung sektor pariwisata lebih ramah lingkungan (green tourism) melalui penyediaan infrastruktur yang menunjang kendaraan listrik."
1643942082598535169,Duitnya habis sama subsidi motor dan mobil listrik pribadi ğŸ˜­
1615166249641865217,Kata siapa kendaraan listrik irit dan bebas lalu lalang... sudah tahu saya mah akal2annya ... selamat menikmati publik transport 2023 - 20....
1647292418700771328,"Yes, pada mobil listrik, kalau ada gerakan yang tidak berguna seperti memperlambat mobil(ngerem), energi kinetiknya bisa dikembalikan ke baterai lagi plus kampas rem. Gak kayak mobil bahan bakar, kalau ngerem, iya harus dibuang energi kinetiknya ke kampas remnya sepenuhnya."
1639491712920993795,"pajak kendaraan harus naik tinggi tidak terkecuali mobil/motor listrik. Setiap orang yang ingin punya mobil harus dipastikan punya garasi. Biaya parkir dimahalin Pemerintah menyediakan alternatif transportasi yang diperbanyak namun dengan harga terjangkau, nyaman, aman Pemerintah mulai me"
1640962163874598912,Sasaran itu susulan berlaku gerakan 'penghijrahan' bagi infrastruktur EV di peringkat global.
1632586911691816964,Subsidi Kendaraan Listrik akan Diumumkan Hari Ini
1632436906414989312,Pasti akan ada kabar langka dan sulit. Kendaraan listrik tujuannya.seperti harga BBM yang tida mau turun.
1658737585148276736,"bumn itu saat set banget iya kalau soal molis ini, tapi keren sih mobil listrik lebih ramah lingkungan, saya dukung banget"
1650432956723511297,"Ada banyak sekali keuntungan jika menggunakan mobil listrik, salah satunya yaitu perawatannya lebih mudah karena kamu tidak perlu mengganti oli jika menggunakan mobil listrik"
1632053374295379970,Menko Airlangga Hartarto : Pemerintah akan Beri Insentif untuk Kendaraan Listrik ğŸ¤© fuji fitri hange pertamina vitri malam minggu bobby love story hahaha indonesia 8 IU better tahan gold
1638877670330204160,Mungkin bisa diambil dari uang subsidi mobil listrik ğŸ™
1632705583303491585,"beautify your profile with his magic hands , ev kembali membuka req untuk seluruh katalog layoutnya ini , dengan harga yang dijamin pas ! ayo jajan. (10)"
1642202497489203200,LINK BOLA HARI INI *INTER MILAN VS FIORENTINA KICK OFF 23.30 WIB* *CHELSEA VS ASTON VILLA KICK OFF 23.30 WIB* *BAYERN MUNCHEN VS DORTMUND KICK OFF 23.30 WIB*
1637110563204628480,Hahah itu ev car battery saja boleh
1632981461845569538,"Saatnya beralih ke energi bersih, beli kendaraan listrik lebih murah dengan subsidi"
1633262599172407297,"Dua tipe motor listrik SLIS akan mendapat subsidi dari pemerintah sebesar Rp 7 juta/unit, yakni tipe E-Max dan Agats.: Bisnis"
1634728555446956035,"kalah Lagi dengan Thailand , jangan eksport batrai , baja Dan nikel ke Thailand"
1611312171333619712,DPR RI Ratna Juwita Sari: Subsidi Mobil Listrik Mubazir
1626914239360413701,"Yg punya mobil listrik sekarang bisa menikmati sistem EVDS yang dikembangkan oleh pln, berikut keunggulan sistem EVDS"
1626152714244861952,Pemerintah Bantah LG Mundur dari Proyek Baterai Kendaraan Listrik via .id
1633228060555366402,Kita harus selalu dukung PLN mendorong pertumbuhan ekosistem kendaraan listrik agar negara kita terus berkembang
1619316834897108993,"Penasaran saja siapa importir motor listrik sih, kok opung gigih banget memperjuangkan subsidi motor listrik ???"
1619058126761897984,"MOTOR LISTRIK GRAB (4,5/10) MAAF BGT TP SGT TIDAK NYAMANğŸ˜­ğŸ™ joknya itu oval kecil hampir bulat begitu loh jadi lebar tetapi pendek.. kadang kalau duduk harus diujung banget soalnya sudah kepenuhan sama drivernyağŸ˜­ terus karena listrik jadi lumayan lambat, tidak cocok kalau lagi buru-buru"
1637841352305299456,Apa urgensinya beri subsidi konsumtif macam ini??! Kl bukan ada yang gurih2 buat para penyamun...
1633469184775716864,PLN Mobile mengintergrasikan ekosistem kendaraan listrik di Indonesia. Yang ada di dalam salah satu fitur di aplikasi PLN Mobile.
1633732759641559041,"Indonesia telah memiliki nikel, bauksit, timah, tembaga, dan pasir silika. Semua sumber daya tersebut merupakan komponen penting dalam pengembangan kendaraan listrik dan baterei."
1632266475796054016,Kenapa ada yang berkampanye seolah -olah pembangkit listrik kita dominan bb non fosil? Sampai-sampai mobil listrik dianggap emisi karbonnya hampir nol?
1632642745000132608,Harus burupburu punya dan manfaatkan subsidinya nihhh. Siapa tahu bisa makin ramai yang mau sewaaa heehe
1613889504120832002,"Selanjutnya, bahlil mengatakan bahwa konstruksi ekosistem baterai kendaraan listrik dari hulu sampai Hilir antara LG elektronics dan Contemporary Amperex Technology Co. Limited (CATL) akan dimulai pada tahun ini."
1615642457399783424,"8 Rekomendasi Motor Listrik 2023, Berikut Spesifikasi dan Harganya"
1658690410531926019,"Ya ela pak, Anies tuh pendukung mobil listrik, kebijakan di jakarta seperti bebas ganjil genap untuk mobil listrik, bus transjakarta pakai mobil listrik, gratis biaya balik nama mobil listrik, formula E. Yang dikritik tuh subsidinya, tidak tepat sasaran, lanjut..."
1626178708666195976,Yang EV van itu harga impor nya seperti gbr di bawah. Untung banyak esemka wkwkwk
1632624378797252609,"KEREN BANGET! Nissan Ariya Limited Dibekali Fitur ProPilot, Mobil Listrik Murah Desain Mewah, Top Speed 580 Km"
1616073872901804036,Tadi pagi sekitar jam 10:30 listrik di Ciangsana Gng Putri Kab Bogor padam. Bbrp jam kemudian hidup. Sekarang jam 20:45 listrik padam lagi. Sebenernya mau nya apa iya PLN ini? Kayak begini kok mau promosikan mobil listrik. Ngimpiiii ......
